WARNING: A restricted method in java.lang.System has been called
WARNING: java.lang.System::load has been called by net.rubygrapefruit.platform.internal.NativeLibraryLoader in an unnamed module (file:/C:/Users/bokou/.gradle/wrapper/dists/gradle-8.11.1-bin/bpt9gzteqjrbo1mjrsomdt32c/gradle-8.11.1/lib/native-platform-0.22-milestone-26.jar)
WARNING: Use --enable-native-access=ALL-UNNAMED to avoid a warning for callers in this module
WARNING: Restricted methods will be blocked in a future release unless native access is enabled

Initialized native services in: C:\Users\bokou\.gradle\native
Initialized jansi services in: C:\Users\bokou\.gradle\native
Found daemon DaemonInfo{pid=20300, address=[9c74183c-e780-4d9b-a598-8acedbf07df2 port:64903, addresses:[/127.0.0.1]], state=Idle, lastBusy=1750588152489, context=DefaultDaemonContext[uid=623664e1-9dac-4317-9b2e-4bf237ceb270,javaHome=C:\Program Files\Android\Android Studio\jbr,javaVersion=21,javaVendor=JetBrains s.r.o.,daemonRegistryDir=C:\Users\bokou\.gradle\daemon,pid=20300,idleTimeout=10800000,priority=NORMAL,applyInstrumentationAgent=true,nativeServicesMode=ENABLED,daemonOpts=-Xmx2048m,-Dfile.encoding=UTF-8,-Duser.country=US,-Duser.language=en,-Duser.variant]} however its context does not match the desired criteria.
JVM is incompatible.
Wanted: DaemonRequestContext{jvmCriteria=C:\Program Files\Java\jdk-24 (no JDK specified, using current Java home), daemonOpts=[-Xmx2048m, -Dfile.encoding=UTF-8, -Duser.country=US, -Duser.language=en, -Duser.variant], applyInstrumentationAgent=true, nativeServicesMode=ENABLED, priority=NORMAL}
Actual: DefaultDaemonContext[uid=623664e1-9dac-4317-9b2e-4bf237ceb270,javaHome=C:\Program Files\Android\Android Studio\jbr,javaVersion=21,javaVendor=JetBrains s.r.o.,daemonRegistryDir=C:\Users\bokou\.gradle\daemon,pid=20300,idleTimeout=10800000,priority=NORMAL,applyInstrumentationAgent=true,nativeServicesMode=ENABLED,daemonOpts=-Xmx2048m,-Dfile.encoding=UTF-8,-Duser.country=US,-Duser.language=en,-Duser.variant]

  Looking for a different daemon...
Found daemon DaemonInfo{pid=24732, address=[5b6c85f7-fd97-4bcf-a6af-a6168d51d269 port:49351, addresses:[/127.0.0.1]], state=Idle, lastBusy=1750586482627, context=DefaultDaemonContext[uid=1cd6d709-73ee-4d55-800f-92c46d913363,javaHome=C:\Users\bokou\.vscode\extensions\redhat.java-1.42.0-win32-x64\jre\21.0.7-win32-x86_64,javaVersion=21,javaVendor=Eclipse Adoptium,daemonRegistryDir=C:\Users\bokou\.gradle\daemon,pid=24732,idleTimeout=10800000,priority=NORMAL,applyInstrumentationAgent=true,nativeServicesMode=ENABLED,daemonOpts=-Xmx2048m,-Dfile.encoding=UTF-8,-Duser.country=US,-Duser.language=en,-Duser.variant]} however its context does not match the desired criteria.
JVM is incompatible.
Wanted: DaemonRequestContext{jvmCriteria=C:\Program Files\Java\jdk-24 (no JDK specified, using current Java home), daemonOpts=[-Xmx2048m, -Dfile.encoding=UTF-8, -Duser.country=US, -Duser.language=en, -Duser.variant], applyInstrumentationAgent=true, nativeServicesMode=ENABLED, priority=NORMAL}
Actual: DefaultDaemonContext[uid=1cd6d709-73ee-4d55-800f-92c46d913363,javaHome=C:\Users\bokou\.vscode\extensions\redhat.java-1.42.0-win32-x64\jre\21.0.7-win32-x86_64,javaVersion=21,javaVendor=Eclipse Adoptium,daemonRegistryDir=C:\Users\bokou\.gradle\daemon,pid=24732,idleTimeout=10800000,priority=NORMAL,applyInstrumentationAgent=true,nativeServicesMode=ENABLED,daemonOpts=-Xmx2048m,-Dfile.encoding=UTF-8,-Duser.country=US,-Duser.language=en,-Duser.variant]

  Looking for a different daemon...
The client will now receive all logging from the daemon (pid: 19956). The daemon log file: C:\Users\bokou\.gradle\daemon\8.11.1\daemon-19956.out.log
Starting 22nd build in daemon [uptime: 1 hrs 55 mins 45.993 secs, performance: 100%, GC rate: 0.00/s, heap usage: 2% of 2 GiB]
Using 16 worker leases.
Invalidating in-memory cache of E:\Berjis\Apps\Web\gifters\GiftersClub\.gradle\8.11.1\fileHashes\fileHashes.bin
Invalidating in-memory cache of E:\Berjis\Apps\Web\gifters\GiftersClub\.gradle\buildOutputCleanup\outputFiles.bin
Invalidating in-memory cache of E:\Berjis\Apps\Web\gifters\GiftersClub\.gradle\8.11.1\fileHashes\resourceHashesCache.bin
Now considering [E:\Berjis\Apps\Web\gifters\GiftersClub] as hierarchies to watch
Watching the file system is configured to be enabled if available
File system watching is active
Starting Build
Invalidating in-memory cache of C:\Users\bokou\.gradle\caches\8.11.1\fileHashes\fileHashes.bin
Invalidating in-memory cache of C:\Users\bokou\.gradle\caches\8.11.1\fileHashes\resourceHashesCache.bin
Invalidating in-memory cache of C:\Users\bokou\.gradle\caches\journal-1\file-access.bin
Settings evaluated using settings file 'E:\Berjis\Apps\Web\gifters\GiftersClub\settings.gradle.kts'.
Projects loaded. Root project using build file 'E:\Berjis\Apps\Web\gifters\GiftersClub\build.gradle.kts'.
Included projects: [root project 'GiftersClub', project ':app']

> Configure project :
Evaluating root project 'GiftersClub' using build file 'E:\Berjis\Apps\Web\gifters\GiftersClub\build.gradle.kts'.
Transforming gradle-8.10.1.jar (com.android.tools.build:gradle:8.10.1) with InstrumentationAnalysisTransform
Transforming gradle-settings-api-8.10.1.jar (com.android.tools.build:gradle-settings-api:8.10.1) with InstrumentationAnalysisTransform
Transforming lint-model-31.10.1.jar (com.android.tools.lint:lint-model:31.10.1) with InstrumentationAnalysisTransform
Transforming builder-8.10.1.jar (com.android.tools.build:builder:8.10.1) with InstrumentationAnalysisTransform
Transforming manifest-merger-31.10.1.jar (com.android.tools.build:manifest-merger:31.10.1) with InstrumentationAnalysisTransform
Transforming sdk-common-31.10.1.jar (com.android.tools:sdk-common:31.10.1) with InstrumentationAnalysisTransform
Transforming sdklib-31.10.1.jar (com.android.tools:sdklib:31.10.1) with InstrumentationAnalysisTransform
Transforming repository-31.10.1.jar (com.android.tools:repository:31.10.1) with InstrumentationAnalysisTransform
Transforming aaptcompiler-8.10.1.jar (com.android.tools.build:aaptcompiler:8.10.1) with InstrumentationAnalysisTransform
Transforming tracker-31.10.1.jar (com.android.tools.analytics-library:tracker:31.10.1) with InstrumentationAnalysisTransform
Transforming shared-31.10.1.jar (com.android.tools.analytics-library:shared:31.10.1) with InstrumentationAnalysisTransform
Transforming databinding-compiler-common-8.10.1.jar (androidx.databinding:databinding-compiler-common:8.10.1) with InstrumentationAnalysisTransform
Transforming android-test-plugin-host-emulator-control-proto-31.10.1.jar (com.android.tools.utp:android-test-plugin-host-emulator-control-proto:31.10.1) with InstrumentationAnalysisTransform
Transforming builder-model-8.10.1.jar (com.android.tools.build:builder-model:8.10.1) with InstrumentationAnalysisTransform
Transforming gradle-api-8.10.1.jar (com.android.tools.build:gradle-api:8.10.1) with InstrumentationAnalysisTransform
Transforming builder-test-api-8.10.1.jar (com.android.tools.build:builder-test-api:8.10.1) with InstrumentationAnalysisTransform
Transforming ddmlib-31.10.1.jar (com.android.tools.ddms:ddmlib:31.10.1) with InstrumentationAnalysisTransform
Transforming layoutlib-api-31.10.1.jar (com.android.tools.layoutlib:layoutlib-api:31.10.1) with InstrumentationAnalysisTransform
Transforming dvlib-31.10.1.jar (com.android.tools:dvlib:31.10.1) with InstrumentationAnalysisTransform
Transforming common-31.10.1.jar (com.android.tools:common:31.10.1) with InstrumentationAnalysisTransform
Transforming kotlin-stdlib-jdk8-2.1.0.jar (org.jetbrains.kotlin:kotlin-stdlib-jdk8:2.1.0) with InstrumentationAnalysisTransform
Transforming jetifier-processor-1.0.0-beta10.jar (com.android.tools.build.jetifier:jetifier-processor:1.0.0-beta10) with InstrumentationAnalysisTransform
Transforming jetifier-core-1.0.0-beta10.jar (com.android.tools.build.jetifier:jetifier-core:1.0.0-beta10) with InstrumentationAnalysisTransform
Transforming kotlin-reflect-2.0.20.jar (org.jetbrains.kotlin:kotlin-reflect:2.0.20) with InstrumentationAnalysisTransform
Transforming kotlin-stdlib-jdk7-2.1.0.jar (org.jetbrains.kotlin:kotlin-stdlib-jdk7:2.1.0) with InstrumentationAnalysisTransform
Transforming kotlin-stdlib-2.0.20.jar (org.jetbrains.kotlin:kotlin-stdlib:2.0.20) with InstrumentationAnalysisTransform
Transforming annotations-13.0.jar (org.jetbrains:annotations:13.0) with InstrumentationAnalysisTransform
Transforming kotlin-gradle-plugin-model-2.0.21.jar (org.jetbrains.kotlin:kotlin-gradle-plugin-model:2.0.21) with InstrumentationAnalysisTransform
Transforming kotlin-gradle-plugin-api-2.0.21.jar (org.jetbrains.kotlin:kotlin-gradle-plugin-api:2.0.21) with InstrumentationAnalysisTransform
Transforming kotlin-gradle-plugin-2.0.21-gradle85.jar (org.jetbrains.kotlin:kotlin-gradle-plugin:2.0.21) with InstrumentationAnalysisTransform
Transforming bundletool-1.18.0.jar (com.android.tools.build:bundletool:1.18.0) with InstrumentationAnalysisTransform
Transforming aapt2-proto-8.10.1-12782657.jar (com.android.tools.build:aapt2-proto:8.10.1-12782657) with InstrumentationAnalysisTransform
Transforming crash-31.10.1.jar (com.android.tools.analytics-library:crash:31.10.1) with InstrumentationAnalysisTransform
Transforming lint-typedef-remover-31.10.1.jar (com.android.tools.lint:lint-typedef-remover:31.10.1) with InstrumentationAnalysisTransform
Transforming databinding-common-8.10.1.jar (androidx.databinding:databinding-common:8.10.1) with InstrumentationAnalysisTransform
Transforming baseLibrary-8.10.1.jar (com.android.databinding:baseLibrary:8.10.1) with InstrumentationAnalysisTransform
Transforming android-device-provider-ddmlib-proto-31.10.1.jar (com.android.tools.utp:android-device-provider-ddmlib-proto:31.10.1) with InstrumentationAnalysisTransform
Transforming android-device-provider-gradle-proto-31.10.1.jar (com.android.tools.utp:android-device-provider-gradle-proto:31.10.1) with InstrumentationAnalysisTransform
Transforming android-device-provider-profile-proto-31.10.1.jar (com.android.tools.utp:android-device-provider-profile-proto:31.10.1) with InstrumentationAnalysisTransform
Transforming android-test-plugin-host-additional-test-output-proto-31.10.1.jar (com.android.tools.utp:android-test-plugin-host-additional-test-output-proto:31.10.1) with InstrumentationAnalysisTransform
Transforming android-test-plugin-host-coverage-proto-31.10.1.jar (com.android.tools.utp:android-test-plugin-host-coverage-proto:31.10.1) with InstrumentationAnalysisTransform
Transforming android-test-plugin-host-logcat-proto-31.10.1.jar (com.android.tools.utp:android-test-plugin-host-logcat-proto:31.10.1) with InstrumentationAnalysisTransform
Transforming android-test-plugin-host-apk-installer-proto-31.10.1.jar (com.android.tools.utp:android-test-plugin-host-apk-installer-proto:31.10.1) with InstrumentationAnalysisTransform
Transforming android-test-plugin-result-listener-gradle-proto-31.10.1.jar (com.android.tools.utp:android-test-plugin-result-listener-gradle-proto:31.10.1) with InstrumentationAnalysisTransform
Transforming transform-api-2.0.0-deprecated-use-gradle-api.jar (com.android.tools.build:transform-api:2.0.0-deprecated-use-gradle-api) with InstrumentationAnalysisTransform
Transforming httpmime-4.5.6.jar (org.apache.httpcomponents:httpmime:4.5.6) with InstrumentationAnalysisTransform
Transforming commons-io-2.16.1.jar (commons-io:commons-io:2.16.1) with InstrumentationAnalysisTransform
Transforming asm-commons-9.7.1.jar (org.ow2.asm:asm-commons:9.7.1) with InstrumentationAnalysisTransform
Transforming asm-util-9.7.1.jar (org.ow2.asm:asm-util:9.7.1) with InstrumentationAnalysisTransform
Transforming asm-analysis-9.7.1.jar (org.ow2.asm:asm-analysis:9.7.1) with InstrumentationAnalysisTransform
Transforming asm-tree-9.7.1.jar (org.ow2.asm:asm-tree:9.7.1) with InstrumentationAnalysisTransform
Transforming asm-9.7.1.jar (org.ow2.asm:asm:9.7.1) with InstrumentationAnalysisTransform
Transforming apkzlib-8.10.1.jar (com.android.tools.build:apkzlib:8.10.1) with InstrumentationAnalysisTransform
Transforming bcpkix-jdk18on-1.79.jar (org.bouncycastle:bcpkix-jdk18on:1.79) with InstrumentationAnalysisTransform
Transforming jaxb-runtime-2.3.2.jar (org.glassfish.jaxb:jaxb-runtime:2.3.2) with InstrumentationAnalysisTransform
Transforming jopt-simple-4.9.jar (net.sf.jopt-simple:jopt-simple:4.9) with InstrumentationAnalysisTransform
Transforming javapoet-1.10.0.jar (com.squareup:javapoet:1.10.0) with InstrumentationAnalysisTransform
Transforming protobuf-java-util-3.25.5.jar (com.google.protobuf:protobuf-java-util:3.25.5) with InstrumentationAnalysisTransform
Transforming grpc-protobuf-1.69.1.jar (io.grpc:grpc-protobuf:1.69.1) with InstrumentationAnalysisTransform
Transforming tink-1.7.0.jar (com.google.crypto.tink:tink:1.7.0) with InstrumentationAnalysisTransform
Transforming core-proto-0.0.9-alpha03.jar (com.google.testing.platform:core-proto:0.0.9-alpha03) with InstrumentationAnalysisTransform
Transforming protos-31.10.1.jar (com.android.tools.analytics-library:protos:31.10.1) with InstrumentationAnalysisTransform
Transforming proto-google-common-protos-2.48.0.jar (com.google.api.grpc:proto-google-common-protos:2.48.0) with InstrumentationAnalysisTransform
Transforming protobuf-java-3.25.5.jar (com.google.protobuf:protobuf-java:3.25.5) with InstrumentationAnalysisTransform
Transforming grpc-netty-1.69.1.jar (io.grpc:grpc-netty:1.69.1) with InstrumentationAnalysisTransform
Transforming grpc-inprocess-1.69.1.jar (io.grpc:grpc-inprocess:1.69.1) with InstrumentationAnalysisTransform
Transforming grpc-util-1.69.1.jar (io.grpc:grpc-util:1.69.1) with InstrumentationAnalysisTransform
Transforming grpc-core-1.69.1.jar (io.grpc:grpc-core:1.69.1) with InstrumentationAnalysisTransform
Transforming kotlin-build-statistics-2.0.21.jar (org.jetbrains.kotlin:kotlin-build-statistics:2.0.21) with InstrumentationAnalysisTransform
Transforming gson-2.11.0.jar (com.google.code.gson:gson:2.11.0) with InstrumentationAnalysisTransform
Transforming grpc-stub-1.69.1.jar (io.grpc:grpc-stub:1.69.1) with InstrumentationAnalysisTransform
Transforming tensorflow-lite-metadata-0.2.0.jar (org.tensorflow:tensorflow-lite-metadata:0.2.0) with InstrumentationAnalysisTransform
Transforming flatbuffers-java-1.12.0.jar (com.google.flatbuffers:flatbuffers-java:1.12.0) with InstrumentationAnalysisTransform
Transforming kotlin-gradle-plugin-idea-proto-2.0.21.jar (org.jetbrains.kotlin:kotlin-gradle-plugin-idea-proto:2.0.21) with InstrumentationAnalysisTransform
Transforming kotlin-gradle-plugin-idea-2.0.21.jar (org.jetbrains.kotlin:kotlin-gradle-plugin-idea:2.0.21) with InstrumentationAnalysisTransform
Transforming kotlin-klib-commonizer-api-2.0.21.jar (org.jetbrains.kotlin:kotlin-klib-commonizer-api:2.0.21) with InstrumentationAnalysisTransform
Transforming kotlin-build-tools-api-2.0.21.jar (org.jetbrains.kotlin:kotlin-build-tools-api:2.0.21) with InstrumentationAnalysisTransform
Transforming kotlin-compiler-runner-2.0.21.jar (org.jetbrains.kotlin:kotlin-compiler-runner:2.0.21) with InstrumentationAnalysisTransform
Transforming kotlin-native-utils-2.0.21.jar (org.jetbrains.kotlin:kotlin-native-utils:2.0.21) with InstrumentationAnalysisTransform
Transforming kotlin-util-klib-2.0.21.jar (org.jetbrains.kotlin:kotlin-util-klib:2.0.21) with InstrumentationAnalysisTransform
Transforming kotlin-compiler-embeddable-2.0.21.jar (org.jetbrains.kotlin:kotlin-compiler-embeddable:2.0.21) with InstrumentationAnalysisTransform
Transforming jimfs-1.1.jar (com.google.jimfs:jimfs:1.1) with InstrumentationAnalysisTransform
Transforming grpc-context-1.69.1.jar (io.grpc:grpc-context:1.69.1) with InstrumentationAnalysisTransform
Transforming grpc-protobuf-lite-1.69.1.jar (io.grpc:grpc-protobuf-lite:1.69.1) with InstrumentationAnalysisTransform
Transforming grpc-api-1.69.1.jar (io.grpc:grpc-api:1.69.1) with InstrumentationAnalysisTransform
Transforming guava-33.3.1-jre.jar (com.google.guava:guava:33.3.1-jre) with InstrumentationAnalysisTransform
Transforming dagger-2.28.3.jar (com.google.dagger:dagger:2.28.3) with InstrumentationAnalysisTransform
Transforming javax.inject-1.jar (javax.inject:javax.inject:1) with InstrumentationAnalysisTransform
Transforming kxml2-2.3.0.jar (net.sf.kxml:kxml2:2.3.0) with InstrumentationAnalysisTransform
Transforming commons-compress-1.21.jar (org.apache.commons:commons-compress:1.21) with InstrumentationAnalysisTransform
Transforming bcutil-jdk18on-1.79.jar (org.bouncycastle:bcutil-jdk18on:1.79) with InstrumentationAnalysisTransform
Transforming bcprov-jdk18on-1.79.jar (org.bouncycastle:bcprov-jdk18on:1.79) with InstrumentationAnalysisTransform
Transforming httpclient-4.5.14.jar (org.apache.httpcomponents:httpclient:4.5.14) with InstrumentationAnalysisTransform
Transforming httpcore-4.4.16.jar (org.apache.httpcomponents:httpcore:4.4.16) with InstrumentationAnalysisTransform
Transforming javax.activation-1.2.0.jar (com.sun.activation:javax.activation:1.2.0) with InstrumentationAnalysisTransform
Transforming signflinger-8.10.1.jar (com.android:signflinger:8.10.1) with InstrumentationAnalysisTransform
Transforming zipflinger-8.10.1.jar (com.android:zipflinger:8.10.1) with InstrumentationAnalysisTransform
Transforming annotations-31.10.1.jar (com.android.tools:annotations:31.10.1) with InstrumentationAnalysisTransform
Transforming jna-platform-5.6.0.jar (net.java.dev.jna:jna-platform:5.6.0) with InstrumentationAnalysisTransform
Transforming juniversalchardet-1.0.3.jar (com.googlecode.juniversalchardet:juniversalchardet:1.0.3) with InstrumentationAnalysisTransform
Transforming javax.annotation-api-1.3.2.jar (javax.annotation:javax.annotation-api:1.3.2) with InstrumentationAnalysisTransform
Transforming stax-ex-1.8.1.jar (org.jvnet.staxex:stax-ex:1.8.1) with InstrumentationAnalysisTransform
Transforming jakarta.xml.bind-api-2.3.2.jar (jakarta.xml.bind:jakarta.xml.bind-api:2.3.2) with InstrumentationAnalysisTransform
Transforming txw2-2.3.2.jar (org.glassfish.jaxb:txw2:2.3.2) with InstrumentationAnalysisTransform
Transforming istack-commons-runtime-3.0.8.jar (com.sun.istack:istack-commons-runtime:3.0.8) with InstrumentationAnalysisTransform
Transforming FastInfoset-1.2.16.jar (com.sun.xml.fastinfoset:FastInfoset:1.2.16) with InstrumentationAnalysisTransform
Transforming jakarta.activation-api-1.2.1.jar (jakarta.activation:jakarta.activation-api:1.2.1) with InstrumentationAnalysisTransform
Transforming auto-value-annotations-1.6.2.jar (com.google.auto.value:auto-value-annotations:1.6.2) with InstrumentationAnalysisTransform
Transforming error_prone_annotations-2.30.0.jar (com.google.errorprone:error_prone_annotations:2.30.0) with InstrumentationAnalysisTransform
Transforming jose4j-0.9.5.jar (org.bitbucket.b_c:jose4j:0.9.5) with InstrumentationAnalysisTransform
Transforming slf4j-api-1.7.30.jar (org.slf4j:slf4j-api:1.7.30) with InstrumentationAnalysisTransform
Transforming jdom2-2.0.6.jar (org.jdom:jdom2:2.0.6) with InstrumentationAnalysisTransform
Transforming jsr305-3.0.2.jar (com.google.code.findbugs:jsr305:3.0.2) with InstrumentationAnalysisTransform
Transforming j2objc-annotations-3.0.0.jar (com.google.j2objc:j2objc-annotations:3.0.0) with InstrumentationAnalysisTransform
Transforming annotations-4.1.1.4.jar (com.google.android:annotations:4.1.1.4) with InstrumentationAnalysisTransform
Transforming animal-sniffer-annotations-1.24.jar (org.codehaus.mojo:animal-sniffer-annotations:1.24) with InstrumentationAnalysisTransform
Transforming perfmark-api-0.27.0.jar (io.perfmark:perfmark-api:0.27.0) with InstrumentationAnalysisTransform
Transforming netty-codec-http2-4.1.110.Final.jar (io.netty:netty-codec-http2:4.1.110.Final) with InstrumentationAnalysisTransform
Transforming netty-handler-proxy-4.1.110.Final.jar (io.netty:netty-handler-proxy:4.1.110.Final) with InstrumentationAnalysisTransform
Transforming netty-codec-http-4.1.110.Final.jar (io.netty:netty-codec-http:4.1.110.Final) with InstrumentationAnalysisTransform
Transforming netty-handler-4.1.110.Final.jar (io.netty:netty-handler:4.1.110.Final) with InstrumentationAnalysisTransform
Transforming netty-transport-native-unix-common-4.1.110.Final.jar (io.netty:netty-transport-native-unix-common:4.1.110.Final) with InstrumentationAnalysisTransform
Transforming checker-qual-3.43.0.jar (org.checkerframework:checker-qual:3.43.0) with InstrumentationAnalysisTransform
Transforming apksig-8.10.1.jar (com.android.tools.build:apksig:8.10.1) with InstrumentationAnalysisTransform
Transforming javawriter-2.5.0.jar (com.squareup:javawriter:2.5.0) with InstrumentationAnalysisTransform
Transforming kotlin-gradle-plugin-annotations-2.0.21.jar (org.jetbrains.kotlin:kotlin-gradle-plugin-annotations:2.0.21) with InstrumentationAnalysisTransform
Transforming kotlin-tooling-core-2.0.21.jar (org.jetbrains.kotlin:kotlin-tooling-core:2.0.21) with InstrumentationAnalysisTransform
Transforming kotlin-daemon-client-2.0.21.jar (org.jetbrains.kotlin:kotlin-daemon-client:2.0.21) with InstrumentationAnalysisTransform
Transforming kotlinx-coroutines-core-jvm-1.6.4.jar (org.jetbrains.kotlinx:kotlinx-coroutines-core-jvm:1.6.4) with InstrumentationAnalysisTransform
Transforming kotlin-util-io-2.0.21.jar (org.jetbrains.kotlin:kotlin-util-io:2.0.21) with InstrumentationAnalysisTransform
Transforming kotlin-daemon-embeddable-2.0.21.jar (org.jetbrains.kotlin:kotlin-daemon-embeddable:2.0.21) with InstrumentationAnalysisTransform
Transforming trove4j-1.0.20200330.jar (org.jetbrains.intellij.deps:trove4j:1.0.20200330) with InstrumentationAnalysisTransform
Transforming failureaccess-1.0.2.jar (com.google.guava:failureaccess:1.0.2) with InstrumentationAnalysisTransform
Transforming listenablefuture-9999.0-empty-to-avoid-conflict-with-guava.jar (com.google.guava:listenablefuture:9999.0-empty-to-avoid-conflict-with-guava) with InstrumentationAnalysisTransform
Transforming commons-logging-1.2.jar (commons-logging:commons-logging:1.2) with InstrumentationAnalysisTransform
Transforming commons-codec-1.11.jar (commons-codec:commons-codec:1.11) with InstrumentationAnalysisTransform
Transforming jna-5.6.0.jar (net.java.dev.jna:jna:5.6.0) with InstrumentationAnalysisTransform
Transforming netty-codec-socks-4.1.110.Final.jar (io.netty:netty-codec-socks:4.1.110.Final) with InstrumentationAnalysisTransform
Transforming netty-codec-4.1.110.Final.jar (io.netty:netty-codec:4.1.110.Final) with InstrumentationAnalysisTransform
Transforming netty-transport-4.1.110.Final.jar (io.netty:netty-transport:4.1.110.Final) with InstrumentationAnalysisTransform
Transforming netty-buffer-4.1.110.Final.jar (io.netty:netty-buffer:4.1.110.Final) with InstrumentationAnalysisTransform
Transforming netty-resolver-4.1.110.Final.jar (io.netty:netty-resolver:4.1.110.Final) with InstrumentationAnalysisTransform
Transforming netty-common-4.1.110.Final.jar (io.netty:netty-common:4.1.110.Final) with InstrumentationAnalysisTransform
Transforming gradle-8.10.1.jar (com.android.tools.build:gradle:8.10.1) with InstrumentationAnalysisTransform
Transforming gradle-8.10.1.jar (com.android.tools.build:gradle:8.10.1) with MergeInstrumentationAnalysisTransform
Transforming gradle-settings-api-8.10.1.jar (com.android.tools.build:gradle-settings-api:8.10.1) with InstrumentationAnalysisTransform
Transforming gradle-settings-api-8.10.1.jar (com.android.tools.build:gradle-settings-api:8.10.1) with MergeInstrumentationAnalysisTransform
Transforming lint-model-31.10.1.jar (com.android.tools.lint:lint-model:31.10.1) with InstrumentationAnalysisTransform
Transforming lint-model-31.10.1.jar (com.android.tools.lint:lint-model:31.10.1) with MergeInstrumentationAnalysisTransform
Transforming builder-8.10.1.jar (com.android.tools.build:builder:8.10.1) with InstrumentationAnalysisTransform
Transforming builder-8.10.1.jar (com.android.tools.build:builder:8.10.1) with MergeInstrumentationAnalysisTransform
Transforming manifest-merger-31.10.1.jar (com.android.tools.build:manifest-merger:31.10.1) with InstrumentationAnalysisTransform
Transforming manifest-merger-31.10.1.jar (com.android.tools.build:manifest-merger:31.10.1) with MergeInstrumentationAnalysisTransform
Transforming gradle-8.10.1.jar (com.android.tools.build:gradle:8.10.1) with ExternalDependencyInstrumentingArtifactTransform
Transforming gradle-settings-api-8.10.1.jar (com.android.tools.build:gradle-settings-api:8.10.1) with ExternalDependencyInstrumentingArtifactTransform
Transforming lint-model-31.10.1.jar (com.android.tools.lint:lint-model:31.10.1) with ExternalDependencyInstrumentingArtifactTransform
Transforming sdk-common-31.10.1.jar (com.android.tools:sdk-common:31.10.1) with InstrumentationAnalysisTransform
Transforming manifest-merger-31.10.1.jar (com.android.tools.build:manifest-merger:31.10.1) with ExternalDependencyInstrumentingArtifactTransform
Transforming sdk-common-31.10.1.jar (com.android.tools:sdk-common:31.10.1) with MergeInstrumentationAnalysisTransform
Transforming builder-8.10.1.jar (com.android.tools.build:builder:8.10.1) with ExternalDependencyInstrumentingArtifactTransform
Transforming sdklib-31.10.1.jar (com.android.tools:sdklib:31.10.1) with InstrumentationAnalysisTransform
Transforming sdklib-31.10.1.jar (com.android.tools:sdklib:31.10.1) with MergeInstrumentationAnalysisTransform
Transforming sdk-common-31.10.1.jar (com.android.tools:sdk-common:31.10.1) with ExternalDependencyInstrumentingArtifactTransform
Transforming repository-31.10.1.jar (com.android.tools:repository:31.10.1) with InstrumentationAnalysisTransform
Transforming repository-31.10.1.jar (com.android.tools:repository:31.10.1) with MergeInstrumentationAnalysisTransform
Transforming sdklib-31.10.1.jar (com.android.tools:sdklib:31.10.1) with ExternalDependencyInstrumentingArtifactTransform
Transforming aaptcompiler-8.10.1.jar (com.android.tools.build:aaptcompiler:8.10.1) with InstrumentationAnalysisTransform
Transforming aaptcompiler-8.10.1.jar (com.android.tools.build:aaptcompiler:8.10.1) with MergeInstrumentationAnalysisTransform
Transforming repository-31.10.1.jar (com.android.tools:repository:31.10.1) with ExternalDependencyInstrumentingArtifactTransform
Transforming tracker-31.10.1.jar (com.android.tools.analytics-library:tracker:31.10.1) with InstrumentationAnalysisTransform
Transforming tracker-31.10.1.jar (com.android.tools.analytics-library:tracker:31.10.1) with MergeInstrumentationAnalysisTransform
Transforming aaptcompiler-8.10.1.jar (com.android.tools.build:aaptcompiler:8.10.1) with ExternalDependencyInstrumentingArtifactTransform
Transforming shared-31.10.1.jar (com.android.tools.analytics-library:shared:31.10.1) with InstrumentationAnalysisTransform
Transforming shared-31.10.1.jar (com.android.tools.analytics-library:shared:31.10.1) with MergeInstrumentationAnalysisTransform
Transforming tracker-31.10.1.jar (com.android.tools.analytics-library:tracker:31.10.1) with ExternalDependencyInstrumentingArtifactTransform
Transforming databinding-compiler-common-8.10.1.jar (androidx.databinding:databinding-compiler-common:8.10.1) with InstrumentationAnalysisTransform
Transforming databinding-compiler-common-8.10.1.jar (androidx.databinding:databinding-compiler-common:8.10.1) with MergeInstrumentationAnalysisTransform
Transforming shared-31.10.1.jar (com.android.tools.analytics-library:shared:31.10.1) with ExternalDependencyInstrumentingArtifactTransform
Transforming android-test-plugin-host-emulator-control-proto-31.10.1.jar (com.android.tools.utp:android-test-plugin-host-emulator-control-proto:31.10.1) with InstrumentationAnalysisTransform
Transforming android-test-plugin-host-emulator-control-proto-31.10.1.jar (com.android.tools.utp:android-test-plugin-host-emulator-control-proto:31.10.1) with MergeInstrumentationAnalysisTransform
Transforming databinding-compiler-common-8.10.1.jar (androidx.databinding:databinding-compiler-common:8.10.1) with ExternalDependencyInstrumentingArtifactTransform
Transforming builder-model-8.10.1.jar (com.android.tools.build:builder-model:8.10.1) with InstrumentationAnalysisTransform
Transforming builder-model-8.10.1.jar (com.android.tools.build:builder-model:8.10.1) with MergeInstrumentationAnalysisTransform
Transforming android-test-plugin-host-emulator-control-proto-31.10.1.jar (com.android.tools.utp:android-test-plugin-host-emulator-control-proto:31.10.1) with ExternalDependencyInstrumentingArtifactTransform
Transforming gradle-api-8.10.1.jar (com.android.tools.build:gradle-api:8.10.1) with InstrumentationAnalysisTransform
Transforming gradle-api-8.10.1.jar (com.android.tools.build:gradle-api:8.10.1) with MergeInstrumentationAnalysisTransform
Transforming builder-model-8.10.1.jar (com.android.tools.build:builder-model:8.10.1) with ExternalDependencyInstrumentingArtifactTransform
Transforming builder-test-api-8.10.1.jar (com.android.tools.build:builder-test-api:8.10.1) with InstrumentationAnalysisTransform
Transforming builder-test-api-8.10.1.jar (com.android.tools.build:builder-test-api:8.10.1) with MergeInstrumentationAnalysisTransform
Transforming gradle-api-8.10.1.jar (com.android.tools.build:gradle-api:8.10.1) with ExternalDependencyInstrumentingArtifactTransform
Transforming ddmlib-31.10.1.jar (com.android.tools.ddms:ddmlib:31.10.1) with InstrumentationAnalysisTransform
Transforming ddmlib-31.10.1.jar (com.android.tools.ddms:ddmlib:31.10.1) with MergeInstrumentationAnalysisTransform
Transforming layoutlib-api-31.10.1.jar (com.android.tools.layoutlib:layoutlib-api:31.10.1) with InstrumentationAnalysisTransform
Transforming builder-test-api-8.10.1.jar (com.android.tools.build:builder-test-api:8.10.1) with ExternalDependencyInstrumentingArtifactTransform
Transforming ddmlib-31.10.1.jar (com.android.tools.ddms:ddmlib:31.10.1) with ExternalDependencyInstrumentingArtifactTransform
Transforming layoutlib-api-31.10.1.jar (com.android.tools.layoutlib:layoutlib-api:31.10.1) with MergeInstrumentationAnalysisTransform
Transforming dvlib-31.10.1.jar (com.android.tools:dvlib:31.10.1) with InstrumentationAnalysisTransform
Transforming dvlib-31.10.1.jar (com.android.tools:dvlib:31.10.1) with MergeInstrumentationAnalysisTransform
Transforming common-31.10.1.jar (com.android.tools:common:31.10.1) with InstrumentationAnalysisTransform
Transforming common-31.10.1.jar (com.android.tools:common:31.10.1) with MergeInstrumentationAnalysisTransform
Transforming layoutlib-api-31.10.1.jar (com.android.tools.layoutlib:layoutlib-api:31.10.1) with ExternalDependencyInstrumentingArtifactTransform
Transforming dvlib-31.10.1.jar (com.android.tools:dvlib:31.10.1) with ExternalDependencyInstrumentingArtifactTransform
Transforming kotlin-stdlib-jdk8-2.1.0.jar (org.jetbrains.kotlin:kotlin-stdlib-jdk8:2.1.0) with InstrumentationAnalysisTransform
Transforming common-31.10.1.jar (com.android.tools:common:31.10.1) with ExternalDependencyInstrumentingArtifactTransform
Transforming kotlin-stdlib-jdk8-2.1.0.jar (org.jetbrains.kotlin:kotlin-stdlib-jdk8:2.1.0) with MergeInstrumentationAnalysisTransform
Transforming jetifier-processor-1.0.0-beta10.jar (com.android.tools.build.jetifier:jetifier-processor:1.0.0-beta10) with InstrumentationAnalysisTransform
Transforming jetifier-processor-1.0.0-beta10.jar (com.android.tools.build.jetifier:jetifier-processor:1.0.0-beta10) with MergeInstrumentationAnalysisTransform
Transforming kotlin-stdlib-jdk8-2.1.0.jar (org.jetbrains.kotlin:kotlin-stdlib-jdk8:2.1.0) with ExternalDependencyInstrumentingArtifactTransform
Transforming jetifier-core-1.0.0-beta10.jar (com.android.tools.build.jetifier:jetifier-core:1.0.0-beta10) with InstrumentationAnalysisTransform
Transforming jetifier-processor-1.0.0-beta10.jar (com.android.tools.build.jetifier:jetifier-processor:1.0.0-beta10) with ExternalDependencyInstrumentingArtifactTransform
Transforming jetifier-core-1.0.0-beta10.jar (com.android.tools.build.jetifier:jetifier-core:1.0.0-beta10) with MergeInstrumentationAnalysisTransform
Transforming kotlin-reflect-2.0.20.jar (org.jetbrains.kotlin:kotlin-reflect:2.0.20) with InstrumentationAnalysisTransform
Transforming kotlin-reflect-2.0.20.jar (org.jetbrains.kotlin:kotlin-reflect:2.0.20) with MergeInstrumentationAnalysisTransform
Transforming kotlin-stdlib-jdk7-2.1.0.jar (org.jetbrains.kotlin:kotlin-stdlib-jdk7:2.1.0) with InstrumentationAnalysisTransform
Transforming jetifier-core-1.0.0-beta10.jar (com.android.tools.build.jetifier:jetifier-core:1.0.0-beta10) with ExternalDependencyInstrumentingArtifactTransform
Transforming kotlin-stdlib-jdk7-2.1.0.jar (org.jetbrains.kotlin:kotlin-stdlib-jdk7:2.1.0) with MergeInstrumentationAnalysisTransform
Transforming kotlin-reflect-2.0.20.jar (org.jetbrains.kotlin:kotlin-reflect:2.0.20) with ExternalDependencyInstrumentingArtifactTransform
Transforming kotlin-stdlib-2.0.20.jar (org.jetbrains.kotlin:kotlin-stdlib:2.0.20) with InstrumentationAnalysisTransform
Transforming kotlin-stdlib-2.0.20.jar (org.jetbrains.kotlin:kotlin-stdlib:2.0.20) with MergeInstrumentationAnalysisTransform
Transforming annotations-13.0.jar (org.jetbrains:annotations:13.0) with InstrumentationAnalysisTransform
Transforming annotations-13.0.jar (org.jetbrains:annotations:13.0) with MergeInstrumentationAnalysisTransform
Transforming kotlin-gradle-plugin-model-2.0.21.jar (org.jetbrains.kotlin:kotlin-gradle-plugin-model:2.0.21) with InstrumentationAnalysisTransform
Transforming kotlin-stdlib-2.0.20.jar (org.jetbrains.kotlin:kotlin-stdlib:2.0.20) with ExternalDependencyInstrumentingArtifactTransform
Transforming annotations-13.0.jar (org.jetbrains:annotations:13.0) with ExternalDependencyInstrumentingArtifactTransform
Transforming kotlin-stdlib-jdk7-2.1.0.jar (org.jetbrains.kotlin:kotlin-stdlib-jdk7:2.1.0) with ExternalDependencyInstrumentingArtifactTransform
Transforming kotlin-gradle-plugin-model-2.0.21.jar (org.jetbrains.kotlin:kotlin-gradle-plugin-model:2.0.21) with MergeInstrumentationAnalysisTransform
Transforming kotlin-gradle-plugin-api-2.0.21.jar (org.jetbrains.kotlin:kotlin-gradle-plugin-api:2.0.21) with InstrumentationAnalysisTransform
Transforming kotlin-gradle-plugin-api-2.0.21.jar (org.jetbrains.kotlin:kotlin-gradle-plugin-api:2.0.21) with MergeInstrumentationAnalysisTransform
Transforming kotlin-gradle-plugin-2.0.21-gradle85.jar (org.jetbrains.kotlin:kotlin-gradle-plugin:2.0.21) with InstrumentationAnalysisTransform
Transforming kotlin-gradle-plugin-2.0.21-gradle85.jar (org.jetbrains.kotlin:kotlin-gradle-plugin:2.0.21) with MergeInstrumentationAnalysisTransform
Transforming bundletool-1.18.0.jar (com.android.tools.build:bundletool:1.18.0) with InstrumentationAnalysisTransform
Transforming bundletool-1.18.0.jar (com.android.tools.build:bundletool:1.18.0) with MergeInstrumentationAnalysisTransform
Transforming aapt2-proto-8.10.1-12782657.jar (com.android.tools.build:aapt2-proto:8.10.1-12782657) with InstrumentationAnalysisTransform
Transforming aapt2-proto-8.10.1-12782657.jar (com.android.tools.build:aapt2-proto:8.10.1-12782657) with MergeInstrumentationAnalysisTransform
Transforming crash-31.10.1.jar (com.android.tools.analytics-library:crash:31.10.1) with InstrumentationAnalysisTransform
Transforming crash-31.10.1.jar (com.android.tools.analytics-library:crash:31.10.1) with MergeInstrumentationAnalysisTransform
Transforming lint-typedef-remover-31.10.1.jar (com.android.tools.lint:lint-typedef-remover:31.10.1) with InstrumentationAnalysisTransform
Transforming lint-typedef-remover-31.10.1.jar (com.android.tools.lint:lint-typedef-remover:31.10.1) with MergeInstrumentationAnalysisTransform
Transforming databinding-common-8.10.1.jar (androidx.databinding:databinding-common:8.10.1) with InstrumentationAnalysisTransform
Transforming crash-31.10.1.jar (com.android.tools.analytics-library:crash:31.10.1) with ExternalDependencyInstrumentingArtifactTransform
Transforming lint-typedef-remover-31.10.1.jar (com.android.tools.lint:lint-typedef-remover:31.10.1) with ExternalDependencyInstrumentingArtifactTransform
Transforming kotlin-gradle-plugin-model-2.0.21.jar (org.jetbrains.kotlin:kotlin-gradle-plugin-model:2.0.21) with ExternalDependencyInstrumentingArtifactTransform
Transforming databinding-common-8.10.1.jar (androidx.databinding:databinding-common:8.10.1) with MergeInstrumentationAnalysisTransform
Transforming aapt2-proto-8.10.1-12782657.jar (com.android.tools.build:aapt2-proto:8.10.1-12782657) with ExternalDependencyInstrumentingArtifactTransform
Transforming bundletool-1.18.0.jar (com.android.tools.build:bundletool:1.18.0) with ExternalDependencyInstrumentingArtifactTransform
Transforming kotlin-gradle-plugin-2.0.21-gradle85.jar (org.jetbrains.kotlin:kotlin-gradle-plugin:2.0.21) with ExternalDependencyInstrumentingArtifactTransform
Transforming kotlin-gradle-plugin-api-2.0.21.jar (org.jetbrains.kotlin:kotlin-gradle-plugin-api:2.0.21) with ExternalDependencyInstrumentingArtifactTransform
Transforming databinding-common-8.10.1.jar (androidx.databinding:databinding-common:8.10.1) with ExternalDependencyInstrumentingArtifactTransform
Transforming baseLibrary-8.10.1.jar (com.android.databinding:baseLibrary:8.10.1) with InstrumentationAnalysisTransform
Transforming baseLibrary-8.10.1.jar (com.android.databinding:baseLibrary:8.10.1) with MergeInstrumentationAnalysisTransform
Transforming android-device-provider-ddmlib-proto-31.10.1.jar (com.android.tools.utp:android-device-provider-ddmlib-proto:31.10.1) with InstrumentationAnalysisTransform
Transforming android-device-provider-ddmlib-proto-31.10.1.jar (com.android.tools.utp:android-device-provider-ddmlib-proto:31.10.1) with MergeInstrumentationAnalysisTransform
Transforming android-device-provider-gradle-proto-31.10.1.jar (com.android.tools.utp:android-device-provider-gradle-proto:31.10.1) with InstrumentationAnalysisTransform
Transforming android-device-provider-gradle-proto-31.10.1.jar (com.android.tools.utp:android-device-provider-gradle-proto:31.10.1) with MergeInstrumentationAnalysisTransform
Transforming android-device-provider-ddmlib-proto-31.10.1.jar (com.android.tools.utp:android-device-provider-ddmlib-proto:31.10.1) with ExternalDependencyInstrumentingArtifactTransform
Transforming baseLibrary-8.10.1.jar (com.android.databinding:baseLibrary:8.10.1) with ExternalDependencyInstrumentingArtifactTransform
Transforming android-device-provider-gradle-proto-31.10.1.jar (com.android.tools.utp:android-device-provider-gradle-proto:31.10.1) with ExternalDependencyInstrumentingArtifactTransform
Transforming android-device-provider-profile-proto-31.10.1.jar (com.android.tools.utp:android-device-provider-profile-proto:31.10.1) with InstrumentationAnalysisTransform
Transforming android-device-provider-profile-proto-31.10.1.jar (com.android.tools.utp:android-device-provider-profile-proto:31.10.1) with MergeInstrumentationAnalysisTransform
Transforming android-test-plugin-host-additional-test-output-proto-31.10.1.jar (com.android.tools.utp:android-test-plugin-host-additional-test-output-proto:31.10.1) with InstrumentationAnalysisTransform
Transforming android-test-plugin-host-additional-test-output-proto-31.10.1.jar (com.android.tools.utp:android-test-plugin-host-additional-test-output-proto:31.10.1) with MergeInstrumentationAnalysisTransform
Transforming android-test-plugin-host-coverage-proto-31.10.1.jar (com.android.tools.utp:android-test-plugin-host-coverage-proto:31.10.1) with InstrumentationAnalysisTransform
Transforming android-test-plugin-host-coverage-proto-31.10.1.jar (com.android.tools.utp:android-test-plugin-host-coverage-proto:31.10.1) with MergeInstrumentationAnalysisTransform
Transforming android-test-plugin-host-logcat-proto-31.10.1.jar (com.android.tools.utp:android-test-plugin-host-logcat-proto:31.10.1) with InstrumentationAnalysisTransform
Transforming android-device-provider-profile-proto-31.10.1.jar (com.android.tools.utp:android-device-provider-profile-proto:31.10.1) with ExternalDependencyInstrumentingArtifactTransform
Transforming android-test-plugin-host-coverage-proto-31.10.1.jar (com.android.tools.utp:android-test-plugin-host-coverage-proto:31.10.1) with ExternalDependencyInstrumentingArtifactTransform
Transforming android-test-plugin-host-logcat-proto-31.10.1.jar (com.android.tools.utp:android-test-plugin-host-logcat-proto:31.10.1) with MergeInstrumentationAnalysisTransform
Transforming android-test-plugin-host-apk-installer-proto-31.10.1.jar (com.android.tools.utp:android-test-plugin-host-apk-installer-proto:31.10.1) with InstrumentationAnalysisTransform
Transforming android-test-plugin-host-additional-test-output-proto-31.10.1.jar (com.android.tools.utp:android-test-plugin-host-additional-test-output-proto:31.10.1) with ExternalDependencyInstrumentingArtifactTransform
Transforming android-test-plugin-host-logcat-proto-31.10.1.jar (com.android.tools.utp:android-test-plugin-host-logcat-proto:31.10.1) with ExternalDependencyInstrumentingArtifactTransform
Transforming android-test-plugin-host-apk-installer-proto-31.10.1.jar (com.android.tools.utp:android-test-plugin-host-apk-installer-proto:31.10.1) with MergeInstrumentationAnalysisTransform
Transforming android-test-plugin-result-listener-gradle-proto-31.10.1.jar (com.android.tools.utp:android-test-plugin-result-listener-gradle-proto:31.10.1) with InstrumentationAnalysisTransform
Transforming android-test-plugin-result-listener-gradle-proto-31.10.1.jar (com.android.tools.utp:android-test-plugin-result-listener-gradle-proto:31.10.1) with MergeInstrumentationAnalysisTransform
Transforming transform-api-2.0.0-deprecated-use-gradle-api.jar (com.android.tools.build:transform-api:2.0.0-deprecated-use-gradle-api) with InstrumentationAnalysisTransform
Transforming transform-api-2.0.0-deprecated-use-gradle-api.jar (com.android.tools.build:transform-api:2.0.0-deprecated-use-gradle-api) with MergeInstrumentationAnalysisTransform
Transforming android-test-plugin-result-listener-gradle-proto-31.10.1.jar (com.android.tools.utp:android-test-plugin-result-listener-gradle-proto:31.10.1) with ExternalDependencyInstrumentingArtifactTransform
Transforming android-test-plugin-host-apk-installer-proto-31.10.1.jar (com.android.tools.utp:android-test-plugin-host-apk-installer-proto:31.10.1) with ExternalDependencyInstrumentingArtifactTransform
Transforming transform-api-2.0.0-deprecated-use-gradle-api.jar (com.android.tools.build:transform-api:2.0.0-deprecated-use-gradle-api) with ExternalDependencyInstrumentingArtifactTransform
Transforming httpmime-4.5.6.jar (org.apache.httpcomponents:httpmime:4.5.6) with InstrumentationAnalysisTransform
Transforming httpmime-4.5.6.jar (org.apache.httpcomponents:httpmime:4.5.6) with MergeInstrumentationAnalysisTransform
Transforming commons-io-2.16.1.jar (commons-io:commons-io:2.16.1) with InstrumentationAnalysisTransform
Transforming commons-io-2.16.1.jar (commons-io:commons-io:2.16.1) with MergeInstrumentationAnalysisTransform
Transforming asm-commons-9.7.1.jar (org.ow2.asm:asm-commons:9.7.1) with InstrumentationAnalysisTransform
Transforming asm-commons-9.7.1.jar (org.ow2.asm:asm-commons:9.7.1) with MergeInstrumentationAnalysisTransform
Transforming asm-util-9.7.1.jar (org.ow2.asm:asm-util:9.7.1) with InstrumentationAnalysisTransform
Transforming httpmime-4.5.6.jar (org.apache.httpcomponents:httpmime:4.5.6) with ExternalDependencyInstrumentingArtifactTransform
Transforming asm-commons-9.7.1.jar (org.ow2.asm:asm-commons:9.7.1) with ExternalDependencyInstrumentingArtifactTransform
Transforming asm-util-9.7.1.jar (org.ow2.asm:asm-util:9.7.1) with MergeInstrumentationAnalysisTransform
Transforming commons-io-2.16.1.jar (commons-io:commons-io:2.16.1) with ExternalDependencyInstrumentingArtifactTransform
Transforming asm-analysis-9.7.1.jar (org.ow2.asm:asm-analysis:9.7.1) with InstrumentationAnalysisTransform
Transforming asm-analysis-9.7.1.jar (org.ow2.asm:asm-analysis:9.7.1) with MergeInstrumentationAnalysisTransform
Transforming asm-tree-9.7.1.jar (org.ow2.asm:asm-tree:9.7.1) with InstrumentationAnalysisTransform
Transforming asm-tree-9.7.1.jar (org.ow2.asm:asm-tree:9.7.1) with MergeInstrumentationAnalysisTransform
Transforming asm-analysis-9.7.1.jar (org.ow2.asm:asm-analysis:9.7.1) with ExternalDependencyInstrumentingArtifactTransform
Transforming asm-util-9.7.1.jar (org.ow2.asm:asm-util:9.7.1) with ExternalDependencyInstrumentingArtifactTransform
Transforming asm-9.7.1.jar (org.ow2.asm:asm:9.7.1) with InstrumentationAnalysisTransform
Transforming asm-tree-9.7.1.jar (org.ow2.asm:asm-tree:9.7.1) with ExternalDependencyInstrumentingArtifactTransform
Transforming asm-9.7.1.jar (org.ow2.asm:asm:9.7.1) with MergeInstrumentationAnalysisTransform
Transforming apkzlib-8.10.1.jar (com.android.tools.build:apkzlib:8.10.1) with InstrumentationAnalysisTransform
Transforming apkzlib-8.10.1.jar (com.android.tools.build:apkzlib:8.10.1) with MergeInstrumentationAnalysisTransform
Transforming asm-9.7.1.jar (org.ow2.asm:asm:9.7.1) with ExternalDependencyInstrumentingArtifactTransform
Transforming bcpkix-jdk18on-1.79.jar (org.bouncycastle:bcpkix-jdk18on:1.79) with InstrumentationAnalysisTransform
Transforming apkzlib-8.10.1.jar (com.android.tools.build:apkzlib:8.10.1) with ExternalDependencyInstrumentingArtifactTransform
Transforming bcpkix-jdk18on-1.79.jar (org.bouncycastle:bcpkix-jdk18on:1.79) with MergeInstrumentationAnalysisTransform
Transforming jaxb-runtime-2.3.2.jar (org.glassfish.jaxb:jaxb-runtime:2.3.2) with InstrumentationAnalysisTransform
Transforming jaxb-runtime-2.3.2.jar (org.glassfish.jaxb:jaxb-runtime:2.3.2) with MergeInstrumentationAnalysisTransform
Transforming jopt-simple-4.9.jar (net.sf.jopt-simple:jopt-simple:4.9) with InstrumentationAnalysisTransform
Transforming jopt-simple-4.9.jar (net.sf.jopt-simple:jopt-simple:4.9) with MergeInstrumentationAnalysisTransform
Transforming javapoet-1.10.0.jar (com.squareup:javapoet:1.10.0) with InstrumentationAnalysisTransform
Transforming javapoet-1.10.0.jar (com.squareup:javapoet:1.10.0) with MergeInstrumentationAnalysisTransform
Transforming protobuf-java-util-3.25.5.jar (com.google.protobuf:protobuf-java-util:3.25.5) with InstrumentationAnalysisTransform
Transforming protobuf-java-util-3.25.5.jar (com.google.protobuf:protobuf-java-util:3.25.5) with MergeInstrumentationAnalysisTransform
Transforming javapoet-1.10.0.jar (com.squareup:javapoet:1.10.0) with ExternalDependencyInstrumentingArtifactTransform
Transforming bcpkix-jdk18on-1.79.jar (org.bouncycastle:bcpkix-jdk18on:1.79) with ExternalDependencyInstrumentingArtifactTransform
Transforming protobuf-java-util-3.25.5.jar (com.google.protobuf:protobuf-java-util:3.25.5) with ExternalDependencyInstrumentingArtifactTransform
Transforming jopt-simple-4.9.jar (net.sf.jopt-simple:jopt-simple:4.9) with ExternalDependencyInstrumentingArtifactTransform
Transforming grpc-protobuf-1.69.1.jar (io.grpc:grpc-protobuf:1.69.1) with InstrumentationAnalysisTransform
Transforming jaxb-runtime-2.3.2.jar (org.glassfish.jaxb:jaxb-runtime:2.3.2) with ExternalDependencyInstrumentingArtifactTransform
Transforming grpc-protobuf-1.69.1.jar (io.grpc:grpc-protobuf:1.69.1) with MergeInstrumentationAnalysisTransform
Transforming tink-1.7.0.jar (com.google.crypto.tink:tink:1.7.0) with InstrumentationAnalysisTransform
Transforming tink-1.7.0.jar (com.google.crypto.tink:tink:1.7.0) with MergeInstrumentationAnalysisTransform
Transforming core-proto-0.0.9-alpha03.jar (com.google.testing.platform:core-proto:0.0.9-alpha03) with InstrumentationAnalysisTransform
Transforming grpc-protobuf-1.69.1.jar (io.grpc:grpc-protobuf:1.69.1) with ExternalDependencyInstrumentingArtifactTransform
Transforming tink-1.7.0.jar (com.google.crypto.tink:tink:1.7.0) with ExternalDependencyInstrumentingArtifactTransform
Transforming core-proto-0.0.9-alpha03.jar (com.google.testing.platform:core-proto:0.0.9-alpha03) with MergeInstrumentationAnalysisTransform
Transforming protos-31.10.1.jar (com.android.tools.analytics-library:protos:31.10.1) with InstrumentationAnalysisTransform
Transforming protos-31.10.1.jar (com.android.tools.analytics-library:protos:31.10.1) with MergeInstrumentationAnalysisTransform
Transforming proto-google-common-protos-2.48.0.jar (com.google.api.grpc:proto-google-common-protos:2.48.0) with InstrumentationAnalysisTransform
Transforming proto-google-common-protos-2.48.0.jar (com.google.api.grpc:proto-google-common-protos:2.48.0) with MergeInstrumentationAnalysisTransform
Transforming protos-31.10.1.jar (com.android.tools.analytics-library:protos:31.10.1) with ExternalDependencyInstrumentingArtifactTransform
Transforming core-proto-0.0.9-alpha03.jar (com.google.testing.platform:core-proto:0.0.9-alpha03) with ExternalDependencyInstrumentingArtifactTransform
Transforming proto-google-common-protos-2.48.0.jar (com.google.api.grpc:proto-google-common-protos:2.48.0) with ExternalDependencyInstrumentingArtifactTransform
Transforming protobuf-java-3.25.5.jar (com.google.protobuf:protobuf-java:3.25.5) with InstrumentationAnalysisTransform
Transforming protobuf-java-3.25.5.jar (com.google.protobuf:protobuf-java:3.25.5) with MergeInstrumentationAnalysisTransform
Transforming grpc-netty-1.69.1.jar (io.grpc:grpc-netty:1.69.1) with InstrumentationAnalysisTransform
Transforming grpc-netty-1.69.1.jar (io.grpc:grpc-netty:1.69.1) with MergeInstrumentationAnalysisTransform
Transforming protobuf-java-3.25.5.jar (com.google.protobuf:protobuf-java:3.25.5) with ExternalDependencyInstrumentingArtifactTransform
Transforming grpc-inprocess-1.69.1.jar (io.grpc:grpc-inprocess:1.69.1) with InstrumentationAnalysisTransform
Transforming grpc-netty-1.69.1.jar (io.grpc:grpc-netty:1.69.1) with ExternalDependencyInstrumentingArtifactTransform
Transforming grpc-inprocess-1.69.1.jar (io.grpc:grpc-inprocess:1.69.1) with MergeInstrumentationAnalysisTransform
Transforming grpc-util-1.69.1.jar (io.grpc:grpc-util:1.69.1) with InstrumentationAnalysisTransform
Transforming grpc-inprocess-1.69.1.jar (io.grpc:grpc-inprocess:1.69.1) with ExternalDependencyInstrumentingArtifactTransform
Transforming grpc-util-1.69.1.jar (io.grpc:grpc-util:1.69.1) with MergeInstrumentationAnalysisTransform
Transforming grpc-core-1.69.1.jar (io.grpc:grpc-core:1.69.1) with InstrumentationAnalysisTransform
Transforming grpc-core-1.69.1.jar (io.grpc:grpc-core:1.69.1) with MergeInstrumentationAnalysisTransform
Transforming kotlin-build-statistics-2.0.21.jar (org.jetbrains.kotlin:kotlin-build-statistics:2.0.21) with InstrumentationAnalysisTransform
Transforming grpc-util-1.69.1.jar (io.grpc:grpc-util:1.69.1) with ExternalDependencyInstrumentingArtifactTransform
Transforming grpc-core-1.69.1.jar (io.grpc:grpc-core:1.69.1) with ExternalDependencyInstrumentingArtifactTransform
Transforming kotlin-build-statistics-2.0.21.jar (org.jetbrains.kotlin:kotlin-build-statistics:2.0.21) with MergeInstrumentationAnalysisTransform
Transforming gson-2.11.0.jar (com.google.code.gson:gson:2.11.0) with InstrumentationAnalysisTransform
Transforming gson-2.11.0.jar (com.google.code.gson:gson:2.11.0) with MergeInstrumentationAnalysisTransform
Transforming grpc-stub-1.69.1.jar (io.grpc:grpc-stub:1.69.1) with InstrumentationAnalysisTransform
Transforming grpc-stub-1.69.1.jar (io.grpc:grpc-stub:1.69.1) with MergeInstrumentationAnalysisTransform
Transforming gson-2.11.0.jar (com.google.code.gson:gson:2.11.0) with ExternalDependencyInstrumentingArtifactTransform
Transforming kotlin-build-statistics-2.0.21.jar (org.jetbrains.kotlin:kotlin-build-statistics:2.0.21) with ExternalDependencyInstrumentingArtifactTransform
Transforming grpc-stub-1.69.1.jar (io.grpc:grpc-stub:1.69.1) with ExternalDependencyInstrumentingArtifactTransform
Transforming tensorflow-lite-metadata-0.2.0.jar (org.tensorflow:tensorflow-lite-metadata:0.2.0) with InstrumentationAnalysisTransform
Transforming tensorflow-lite-metadata-0.2.0.jar (org.tensorflow:tensorflow-lite-metadata:0.2.0) with MergeInstrumentationAnalysisTransform
Transforming flatbuffers-java-1.12.0.jar (com.google.flatbuffers:flatbuffers-java:1.12.0) with InstrumentationAnalysisTransform
Transforming flatbuffers-java-1.12.0.jar (com.google.flatbuffers:flatbuffers-java:1.12.0) with MergeInstrumentationAnalysisTransform
Transforming kotlin-gradle-plugin-idea-proto-2.0.21.jar (org.jetbrains.kotlin:kotlin-gradle-plugin-idea-proto:2.0.21) with InstrumentationAnalysisTransform
Transforming tensorflow-lite-metadata-0.2.0.jar (org.tensorflow:tensorflow-lite-metadata:0.2.0) with ExternalDependencyInstrumentingArtifactTransform
Transforming kotlin-gradle-plugin-idea-proto-2.0.21.jar (org.jetbrains.kotlin:kotlin-gradle-plugin-idea-proto:2.0.21) with MergeInstrumentationAnalysisTransform
Transforming flatbuffers-java-1.12.0.jar (com.google.flatbuffers:flatbuffers-java:1.12.0) with ExternalDependencyInstrumentingArtifactTransform
Transforming kotlin-gradle-plugin-idea-proto-2.0.21.jar (org.jetbrains.kotlin:kotlin-gradle-plugin-idea-proto:2.0.21) with ExternalDependencyInstrumentingArtifactTransform
Transforming kotlin-gradle-plugin-idea-2.0.21.jar (org.jetbrains.kotlin:kotlin-gradle-plugin-idea:2.0.21) with InstrumentationAnalysisTransform
Transforming kotlin-gradle-plugin-idea-2.0.21.jar (org.jetbrains.kotlin:kotlin-gradle-plugin-idea:2.0.21) with MergeInstrumentationAnalysisTransform
Transforming kotlin-klib-commonizer-api-2.0.21.jar (org.jetbrains.kotlin:kotlin-klib-commonizer-api:2.0.21) with InstrumentationAnalysisTransform
Transforming kotlin-klib-commonizer-api-2.0.21.jar (org.jetbrains.kotlin:kotlin-klib-commonizer-api:2.0.21) with MergeInstrumentationAnalysisTransform
Transforming kotlin-build-tools-api-2.0.21.jar (org.jetbrains.kotlin:kotlin-build-tools-api:2.0.21) with InstrumentationAnalysisTransform
Transforming kotlin-gradle-plugin-idea-2.0.21.jar (org.jetbrains.kotlin:kotlin-gradle-plugin-idea:2.0.21) with ExternalDependencyInstrumentingArtifactTransform
Transforming kotlin-build-tools-api-2.0.21.jar (org.jetbrains.kotlin:kotlin-build-tools-api:2.0.21) with MergeInstrumentationAnalysisTransform
Transforming kotlin-compiler-runner-2.0.21.jar (org.jetbrains.kotlin:kotlin-compiler-runner:2.0.21) with InstrumentationAnalysisTransform
Transforming kotlin-klib-commonizer-api-2.0.21.jar (org.jetbrains.kotlin:kotlin-klib-commonizer-api:2.0.21) with ExternalDependencyInstrumentingArtifactTransform
Transforming kotlin-build-tools-api-2.0.21.jar (org.jetbrains.kotlin:kotlin-build-tools-api:2.0.21) with ExternalDependencyInstrumentingArtifactTransform
Transforming kotlin-compiler-runner-2.0.21.jar (org.jetbrains.kotlin:kotlin-compiler-runner:2.0.21) with MergeInstrumentationAnalysisTransform
Transforming kotlin-native-utils-2.0.21.jar (org.jetbrains.kotlin:kotlin-native-utils:2.0.21) with InstrumentationAnalysisTransform
Transforming kotlin-native-utils-2.0.21.jar (org.jetbrains.kotlin:kotlin-native-utils:2.0.21) with MergeInstrumentationAnalysisTransform
Transforming kotlin-util-klib-2.0.21.jar (org.jetbrains.kotlin:kotlin-util-klib:2.0.21) with InstrumentationAnalysisTransform
Transforming kotlin-compiler-runner-2.0.21.jar (org.jetbrains.kotlin:kotlin-compiler-runner:2.0.21) with ExternalDependencyInstrumentingArtifactTransform
Transforming kotlin-util-klib-2.0.21.jar (org.jetbrains.kotlin:kotlin-util-klib:2.0.21) with MergeInstrumentationAnalysisTransform
Transforming kotlin-compiler-embeddable-2.0.21.jar (org.jetbrains.kotlin:kotlin-compiler-embeddable:2.0.21) with InstrumentationAnalysisTransform
Transforming kotlin-native-utils-2.0.21.jar (org.jetbrains.kotlin:kotlin-native-utils:2.0.21) with ExternalDependencyInstrumentingArtifactTransform
Transforming kotlin-util-klib-2.0.21.jar (org.jetbrains.kotlin:kotlin-util-klib:2.0.21) with ExternalDependencyInstrumentingArtifactTransform
Transforming kotlin-compiler-embeddable-2.0.21.jar (org.jetbrains.kotlin:kotlin-compiler-embeddable:2.0.21) with MergeInstrumentationAnalysisTransform
Transforming jimfs-1.1.jar (com.google.jimfs:jimfs:1.1) with InstrumentationAnalysisTransform
Transforming jimfs-1.1.jar (com.google.jimfs:jimfs:1.1) with MergeInstrumentationAnalysisTransform
Transforming grpc-context-1.69.1.jar (io.grpc:grpc-context:1.69.1) with InstrumentationAnalysisTransform
Transforming grpc-context-1.69.1.jar (io.grpc:grpc-context:1.69.1) with MergeInstrumentationAnalysisTransform
Transforming grpc-protobuf-lite-1.69.1.jar (io.grpc:grpc-protobuf-lite:1.69.1) with InstrumentationAnalysisTransform
Transforming kotlin-compiler-embeddable-2.0.21.jar (org.jetbrains.kotlin:kotlin-compiler-embeddable:2.0.21) with ExternalDependencyInstrumentingArtifactTransform
Transforming grpc-context-1.69.1.jar (io.grpc:grpc-context:1.69.1) with ExternalDependencyInstrumentingArtifactTransform
Transforming grpc-protobuf-lite-1.69.1.jar (io.grpc:grpc-protobuf-lite:1.69.1) with MergeInstrumentationAnalysisTransform
Transforming grpc-api-1.69.1.jar (io.grpc:grpc-api:1.69.1) with InstrumentationAnalysisTransform
Transforming jimfs-1.1.jar (com.google.jimfs:jimfs:1.1) with ExternalDependencyInstrumentingArtifactTransform
Transforming grpc-api-1.69.1.jar (io.grpc:grpc-api:1.69.1) with MergeInstrumentationAnalysisTransform
Transforming grpc-protobuf-lite-1.69.1.jar (io.grpc:grpc-protobuf-lite:1.69.1) with ExternalDependencyInstrumentingArtifactTransform
Transforming guava-33.3.1-jre.jar (com.google.guava:guava:33.3.1-jre) with InstrumentationAnalysisTransform
Transforming grpc-api-1.69.1.jar (io.grpc:grpc-api:1.69.1) with ExternalDependencyInstrumentingArtifactTransform
Transforming guava-33.3.1-jre.jar (com.google.guava:guava:33.3.1-jre) with MergeInstrumentationAnalysisTransform
Transforming dagger-2.28.3.jar (com.google.dagger:dagger:2.28.3) with InstrumentationAnalysisTransform
Transforming dagger-2.28.3.jar (com.google.dagger:dagger:2.28.3) with MergeInstrumentationAnalysisTransform
Transforming guava-33.3.1-jre.jar (com.google.guava:guava:33.3.1-jre) with ExternalDependencyInstrumentingArtifactTransform
Transforming javax.inject-1.jar (javax.inject:javax.inject:1) with InstrumentationAnalysisTransform
Transforming dagger-2.28.3.jar (com.google.dagger:dagger:2.28.3) with ExternalDependencyInstrumentingArtifactTransform
Transforming javax.inject-1.jar (javax.inject:javax.inject:1) with MergeInstrumentationAnalysisTransform
Transforming kxml2-2.3.0.jar (net.sf.kxml:kxml2:2.3.0) with InstrumentationAnalysisTransform
Transforming kxml2-2.3.0.jar (net.sf.kxml:kxml2:2.3.0) with MergeInstrumentationAnalysisTransform
Transforming javax.inject-1.jar (javax.inject:javax.inject:1) with ExternalDependencyInstrumentingArtifactTransform
Transforming commons-compress-1.21.jar (org.apache.commons:commons-compress:1.21) with InstrumentationAnalysisTransform
Transforming commons-compress-1.21.jar (org.apache.commons:commons-compress:1.21) with MergeInstrumentationAnalysisTransform
Transforming bcutil-jdk18on-1.79.jar (org.bouncycastle:bcutil-jdk18on:1.79) with InstrumentationAnalysisTransform
Transforming kxml2-2.3.0.jar (net.sf.kxml:kxml2:2.3.0) with ExternalDependencyInstrumentingArtifactTransform
Transforming commons-compress-1.21.jar (org.apache.commons:commons-compress:1.21) with ExternalDependencyInstrumentingArtifactTransform
Transforming bcutil-jdk18on-1.79.jar (org.bouncycastle:bcutil-jdk18on:1.79) with MergeInstrumentationAnalysisTransform
Transforming bcprov-jdk18on-1.79.jar (org.bouncycastle:bcprov-jdk18on:1.79) with InstrumentationAnalysisTransform
Transforming bcprov-jdk18on-1.79.jar (org.bouncycastle:bcprov-jdk18on:1.79) with MergeInstrumentationAnalysisTransform
Transforming httpclient-4.5.14.jar (org.apache.httpcomponents:httpclient:4.5.14) with InstrumentationAnalysisTransform
Transforming httpclient-4.5.14.jar (org.apache.httpcomponents:httpclient:4.5.14) with MergeInstrumentationAnalysisTransform
Transforming httpcore-4.4.16.jar (org.apache.httpcomponents:httpcore:4.4.16) with InstrumentationAnalysisTransform
Transforming httpcore-4.4.16.jar (org.apache.httpcomponents:httpcore:4.4.16) with MergeInstrumentationAnalysisTransform
Transforming javax.activation-1.2.0.jar (com.sun.activation:javax.activation:1.2.0) with InstrumentationAnalysisTransform
Transforming httpclient-4.5.14.jar (org.apache.httpcomponents:httpclient:4.5.14) with ExternalDependencyInstrumentingArtifactTransform
Transforming httpcore-4.4.16.jar (org.apache.httpcomponents:httpcore:4.4.16) with ExternalDependencyInstrumentingArtifactTransform
Transforming bcutil-jdk18on-1.79.jar (org.bouncycastle:bcutil-jdk18on:1.79) with ExternalDependencyInstrumentingArtifactTransform
Transforming javax.activation-1.2.0.jar (com.sun.activation:javax.activation:1.2.0) with MergeInstrumentationAnalysisTransform
Transforming signflinger-8.10.1.jar (com.android:signflinger:8.10.1) with InstrumentationAnalysisTransform
Transforming bcprov-jdk18on-1.79.jar (org.bouncycastle:bcprov-jdk18on:1.79) with ExternalDependencyInstrumentingArtifactTransform
Transforming javax.activation-1.2.0.jar (com.sun.activation:javax.activation:1.2.0) with ExternalDependencyInstrumentingArtifactTransform
Transforming signflinger-8.10.1.jar (com.android:signflinger:8.10.1) with MergeInstrumentationAnalysisTransform
Transforming zipflinger-8.10.1.jar (com.android:zipflinger:8.10.1) with InstrumentationAnalysisTransform
Transforming signflinger-8.10.1.jar (com.android:signflinger:8.10.1) with ExternalDependencyInstrumentingArtifactTransform
Transforming zipflinger-8.10.1.jar (com.android:zipflinger:8.10.1) with MergeInstrumentationAnalysisTransform
Transforming annotations-31.10.1.jar (com.android.tools:annotations:31.10.1) with InstrumentationAnalysisTransform
Transforming zipflinger-8.10.1.jar (com.android:zipflinger:8.10.1) with ExternalDependencyInstrumentingArtifactTransform
Transforming annotations-31.10.1.jar (com.android.tools:annotations:31.10.1) with MergeInstrumentationAnalysisTransform
Transforming jna-platform-5.6.0.jar (net.java.dev.jna:jna-platform:5.6.0) with InstrumentationAnalysisTransform
Transforming jna-platform-5.6.0.jar (net.java.dev.jna:jna-platform:5.6.0) with MergeInstrumentationAnalysisTransform
Transforming annotations-31.10.1.jar (com.android.tools:annotations:31.10.1) with ExternalDependencyInstrumentingArtifactTransform
Transforming juniversalchardet-1.0.3.jar (com.googlecode.juniversalchardet:juniversalchardet:1.0.3) with InstrumentationAnalysisTransform
Transforming jna-platform-5.6.0.jar (net.java.dev.jna:jna-platform:5.6.0) with ExternalDependencyInstrumentingArtifactTransform
Transforming juniversalchardet-1.0.3.jar (com.googlecode.juniversalchardet:juniversalchardet:1.0.3) with MergeInstrumentationAnalysisTransform
Transforming javax.annotation-api-1.3.2.jar (javax.annotation:javax.annotation-api:1.3.2) with InstrumentationAnalysisTransform
Transforming javax.annotation-api-1.3.2.jar (javax.annotation:javax.annotation-api:1.3.2) with MergeInstrumentationAnalysisTransform
Transforming stax-ex-1.8.1.jar (org.jvnet.staxex:stax-ex:1.8.1) with InstrumentationAnalysisTransform
Transforming stax-ex-1.8.1.jar (org.jvnet.staxex:stax-ex:1.8.1) with MergeInstrumentationAnalysisTransform
Transforming jakarta.xml.bind-api-2.3.2.jar (jakarta.xml.bind:jakarta.xml.bind-api:2.3.2) with InstrumentationAnalysisTransform
Transforming jakarta.xml.bind-api-2.3.2.jar (jakarta.xml.bind:jakarta.xml.bind-api:2.3.2) with MergeInstrumentationAnalysisTransform
Transforming txw2-2.3.2.jar (org.glassfish.jaxb:txw2:2.3.2) with InstrumentationAnalysisTransform
Transforming juniversalchardet-1.0.3.jar (com.googlecode.juniversalchardet:juniversalchardet:1.0.3) with ExternalDependencyInstrumentingArtifactTransform
Transforming jakarta.xml.bind-api-2.3.2.jar (jakarta.xml.bind:jakarta.xml.bind-api:2.3.2) with ExternalDependencyInstrumentingArtifactTransform
Transforming txw2-2.3.2.jar (org.glassfish.jaxb:txw2:2.3.2) with MergeInstrumentationAnalysisTransform
Transforming istack-commons-runtime-3.0.8.jar (com.sun.istack:istack-commons-runtime:3.0.8) with InstrumentationAnalysisTransform
Transforming stax-ex-1.8.1.jar (org.jvnet.staxex:stax-ex:1.8.1) with ExternalDependencyInstrumentingArtifactTransform
Transforming javax.annotation-api-1.3.2.jar (javax.annotation:javax.annotation-api:1.3.2) with ExternalDependencyInstrumentingArtifactTransform
Transforming txw2-2.3.2.jar (org.glassfish.jaxb:txw2:2.3.2) with ExternalDependencyInstrumentingArtifactTransform
Transforming istack-commons-runtime-3.0.8.jar (com.sun.istack:istack-commons-runtime:3.0.8) with MergeInstrumentationAnalysisTransform
Transforming FastInfoset-1.2.16.jar (com.sun.xml.fastinfoset:FastInfoset:1.2.16) with InstrumentationAnalysisTransform
Transforming FastInfoset-1.2.16.jar (com.sun.xml.fastinfoset:FastInfoset:1.2.16) with MergeInstrumentationAnalysisTransform
Transforming jakarta.activation-api-1.2.1.jar (jakarta.activation:jakarta.activation-api:1.2.1) with InstrumentationAnalysisTransform
Transforming jakarta.activation-api-1.2.1.jar (jakarta.activation:jakarta.activation-api:1.2.1) with MergeInstrumentationAnalysisTransform
Transforming auto-value-annotations-1.6.2.jar (com.google.auto.value:auto-value-annotations:1.6.2) with InstrumentationAnalysisTransform
Transforming istack-commons-runtime-3.0.8.jar (com.sun.istack:istack-commons-runtime:3.0.8) with ExternalDependencyInstrumentingArtifactTransform
Transforming auto-value-annotations-1.6.2.jar (com.google.auto.value:auto-value-annotations:1.6.2) with MergeInstrumentationAnalysisTransform
Transforming error_prone_annotations-2.30.0.jar (com.google.errorprone:error_prone_annotations:2.30.0) with InstrumentationAnalysisTransform
Transforming jakarta.activation-api-1.2.1.jar (jakarta.activation:jakarta.activation-api:1.2.1) with ExternalDependencyInstrumentingArtifactTransform
Transforming FastInfoset-1.2.16.jar (com.sun.xml.fastinfoset:FastInfoset:1.2.16) with ExternalDependencyInstrumentingArtifactTransform
Transforming auto-value-annotations-1.6.2.jar (com.google.auto.value:auto-value-annotations:1.6.2) with ExternalDependencyInstrumentingArtifactTransform
Transforming error_prone_annotations-2.30.0.jar (com.google.errorprone:error_prone_annotations:2.30.0) with MergeInstrumentationAnalysisTransform
Transforming jose4j-0.9.5.jar (org.bitbucket.b_c:jose4j:0.9.5) with InstrumentationAnalysisTransform
Transforming jose4j-0.9.5.jar (org.bitbucket.b_c:jose4j:0.9.5) with MergeInstrumentationAnalysisTransform
Transforming slf4j-api-1.7.30.jar (org.slf4j:slf4j-api:1.7.30) with InstrumentationAnalysisTransform
Transforming slf4j-api-1.7.30.jar (org.slf4j:slf4j-api:1.7.30) with MergeInstrumentationAnalysisTransform
Transforming error_prone_annotations-2.30.0.jar (com.google.errorprone:error_prone_annotations:2.30.0) with ExternalDependencyInstrumentingArtifactTransform
Transforming jose4j-0.9.5.jar (org.bitbucket.b_c:jose4j:0.9.5) with ExternalDependencyInstrumentingArtifactTransform
Transforming slf4j-api-1.7.30.jar (org.slf4j:slf4j-api:1.7.30) with ExternalDependencyInstrumentingArtifactTransform
Transforming jdom2-2.0.6.jar (org.jdom:jdom2:2.0.6) with InstrumentationAnalysisTransform
Transforming jdom2-2.0.6.jar (org.jdom:jdom2:2.0.6) with MergeInstrumentationAnalysisTransform
Transforming jsr305-3.0.2.jar (com.google.code.findbugs:jsr305:3.0.2) with InstrumentationAnalysisTransform
Transforming jsr305-3.0.2.jar (com.google.code.findbugs:jsr305:3.0.2) with MergeInstrumentationAnalysisTransform
Transforming jdom2-2.0.6.jar (org.jdom:jdom2:2.0.6) with ExternalDependencyInstrumentingArtifactTransform
Transforming j2objc-annotations-3.0.0.jar (com.google.j2objc:j2objc-annotations:3.0.0) with InstrumentationAnalysisTransform
Transforming jsr305-3.0.2.jar (com.google.code.findbugs:jsr305:3.0.2) with ExternalDependencyInstrumentingArtifactTransform
Transforming j2objc-annotations-3.0.0.jar (com.google.j2objc:j2objc-annotations:3.0.0) with MergeInstrumentationAnalysisTransform
Transforming annotations-4.1.1.4.jar (com.google.android:annotations:4.1.1.4) with InstrumentationAnalysisTransform
Transforming annotations-4.1.1.4.jar (com.google.android:annotations:4.1.1.4) with MergeInstrumentationAnalysisTransform
Transforming animal-sniffer-annotations-1.24.jar (org.codehaus.mojo:animal-sniffer-annotations:1.24) with InstrumentationAnalysisTransform
Transforming animal-sniffer-annotations-1.24.jar (org.codehaus.mojo:animal-sniffer-annotations:1.24) with MergeInstrumentationAnalysisTransform
Transforming annotations-4.1.1.4.jar (com.google.android:annotations:4.1.1.4) with ExternalDependencyInstrumentingArtifactTransform
Transforming j2objc-annotations-3.0.0.jar (com.google.j2objc:j2objc-annotations:3.0.0) with ExternalDependencyInstrumentingArtifactTransform
Transforming perfmark-api-0.27.0.jar (io.perfmark:perfmark-api:0.27.0) with InstrumentationAnalysisTransform
Transforming perfmark-api-0.27.0.jar (io.perfmark:perfmark-api:0.27.0) with MergeInstrumentationAnalysisTransform
Transforming netty-codec-http2-4.1.110.Final.jar (io.netty:netty-codec-http2:4.1.110.Final) with InstrumentationAnalysisTransform
Transforming animal-sniffer-annotations-1.24.jar (org.codehaus.mojo:animal-sniffer-annotations:1.24) with ExternalDependencyInstrumentingArtifactTransform
Transforming perfmark-api-0.27.0.jar (io.perfmark:perfmark-api:0.27.0) with ExternalDependencyInstrumentingArtifactTransform
Transforming netty-codec-http2-4.1.110.Final.jar (io.netty:netty-codec-http2:4.1.110.Final) with MergeInstrumentationAnalysisTransform
Transforming netty-handler-proxy-4.1.110.Final.jar (io.netty:netty-handler-proxy:4.1.110.Final) with InstrumentationAnalysisTransform
Transforming netty-handler-proxy-4.1.110.Final.jar (io.netty:netty-handler-proxy:4.1.110.Final) with MergeInstrumentationAnalysisTransform
Transforming netty-codec-http-4.1.110.Final.jar (io.netty:netty-codec-http:4.1.110.Final) with InstrumentationAnalysisTransform
Transforming netty-codec-http-4.1.110.Final.jar (io.netty:netty-codec-http:4.1.110.Final) with MergeInstrumentationAnalysisTransform
Transforming netty-handler-4.1.110.Final.jar (io.netty:netty-handler:4.1.110.Final) with InstrumentationAnalysisTransform
Transforming netty-handler-4.1.110.Final.jar (io.netty:netty-handler:4.1.110.Final) with MergeInstrumentationAnalysisTransform
Transforming netty-transport-native-unix-common-4.1.110.Final.jar (io.netty:netty-transport-native-unix-common:4.1.110.Final) with InstrumentationAnalysisTransform
Transforming netty-codec-http2-4.1.110.Final.jar (io.netty:netty-codec-http2:4.1.110.Final) with ExternalDependencyInstrumentingArtifactTransform
Transforming netty-handler-4.1.110.Final.jar (io.netty:netty-handler:4.1.110.Final) with ExternalDependencyInstrumentingArtifactTransform
Transforming netty-handler-proxy-4.1.110.Final.jar (io.netty:netty-handler-proxy:4.1.110.Final) with ExternalDependencyInstrumentingArtifactTransform
Transforming netty-codec-http-4.1.110.Final.jar (io.netty:netty-codec-http:4.1.110.Final) with ExternalDependencyInstrumentingArtifactTransform
Transforming netty-transport-native-unix-common-4.1.110.Final.jar (io.netty:netty-transport-native-unix-common:4.1.110.Final) with MergeInstrumentationAnalysisTransform
Transforming checker-qual-3.43.0.jar (org.checkerframework:checker-qual:3.43.0) with InstrumentationAnalysisTransform
Transforming checker-qual-3.43.0.jar (org.checkerframework:checker-qual:3.43.0) with MergeInstrumentationAnalysisTransform
Transforming apksig-8.10.1.jar (com.android.tools.build:apksig:8.10.1) with InstrumentationAnalysisTransform
Transforming apksig-8.10.1.jar (com.android.tools.build:apksig:8.10.1) with MergeInstrumentationAnalysisTransform
Transforming javawriter-2.5.0.jar (com.squareup:javawriter:2.5.0) with InstrumentationAnalysisTransform
Transforming javawriter-2.5.0.jar (com.squareup:javawriter:2.5.0) with MergeInstrumentationAnalysisTransform
Transforming kotlin-gradle-plugin-annotations-2.0.21.jar (org.jetbrains.kotlin:kotlin-gradle-plugin-annotations:2.0.21) with InstrumentationAnalysisTransform
Transforming apksig-8.10.1.jar (com.android.tools.build:apksig:8.10.1) with ExternalDependencyInstrumentingArtifactTransform
Transforming javawriter-2.5.0.jar (com.squareup:javawriter:2.5.0) with ExternalDependencyInstrumentingArtifactTransform
Transforming netty-transport-native-unix-common-4.1.110.Final.jar (io.netty:netty-transport-native-unix-common:4.1.110.Final) with ExternalDependencyInstrumentingArtifactTransform
Transforming kotlin-gradle-plugin-annotations-2.0.21.jar (org.jetbrains.kotlin:kotlin-gradle-plugin-annotations:2.0.21) with MergeInstrumentationAnalysisTransform
Transforming kotlin-tooling-core-2.0.21.jar (org.jetbrains.kotlin:kotlin-tooling-core:2.0.21) with InstrumentationAnalysisTransform
Transforming checker-qual-3.43.0.jar (org.checkerframework:checker-qual:3.43.0) with ExternalDependencyInstrumentingArtifactTransform
Transforming kotlin-tooling-core-2.0.21.jar (org.jetbrains.kotlin:kotlin-tooling-core:2.0.21) with MergeInstrumentationAnalysisTransform
Transforming kotlin-daemon-client-2.0.21.jar (org.jetbrains.kotlin:kotlin-daemon-client:2.0.21) with InstrumentationAnalysisTransform
Transforming kotlin-gradle-plugin-annotations-2.0.21.jar (org.jetbrains.kotlin:kotlin-gradle-plugin-annotations:2.0.21) with ExternalDependencyInstrumentingArtifactTransform
Transforming kotlin-tooling-core-2.0.21.jar (org.jetbrains.kotlin:kotlin-tooling-core:2.0.21) with ExternalDependencyInstrumentingArtifactTransform
Transforming kotlin-daemon-client-2.0.21.jar (org.jetbrains.kotlin:kotlin-daemon-client:2.0.21) with MergeInstrumentationAnalysisTransform
Transforming kotlinx-coroutines-core-jvm-1.6.4.jar (org.jetbrains.kotlinx:kotlinx-coroutines-core-jvm:1.6.4) with InstrumentationAnalysisTransform
Transforming kotlinx-coroutines-core-jvm-1.6.4.jar (org.jetbrains.kotlinx:kotlinx-coroutines-core-jvm:1.6.4) with MergeInstrumentationAnalysisTransform
Transforming kotlin-util-io-2.0.21.jar (org.jetbrains.kotlin:kotlin-util-io:2.0.21) with InstrumentationAnalysisTransform
Transforming kotlin-daemon-client-2.0.21.jar (org.jetbrains.kotlin:kotlin-daemon-client:2.0.21) with ExternalDependencyInstrumentingArtifactTransform
Transforming kotlinx-coroutines-core-jvm-1.6.4.jar (org.jetbrains.kotlinx:kotlinx-coroutines-core-jvm:1.6.4) with ExternalDependencyInstrumentingArtifactTransform
Transforming kotlin-util-io-2.0.21.jar (org.jetbrains.kotlin:kotlin-util-io:2.0.21) with MergeInstrumentationAnalysisTransform
Transforming kotlin-daemon-embeddable-2.0.21.jar (org.jetbrains.kotlin:kotlin-daemon-embeddable:2.0.21) with InstrumentationAnalysisTransform
Transforming kotlin-daemon-embeddable-2.0.21.jar (org.jetbrains.kotlin:kotlin-daemon-embeddable:2.0.21) with MergeInstrumentationAnalysisTransform
Transforming trove4j-1.0.20200330.jar (org.jetbrains.intellij.deps:trove4j:1.0.20200330) with InstrumentationAnalysisTransform
Transforming trove4j-1.0.20200330.jar (org.jetbrains.intellij.deps:trove4j:1.0.20200330) with MergeInstrumentationAnalysisTransform
Transforming failureaccess-1.0.2.jar (com.google.guava:failureaccess:1.0.2) with InstrumentationAnalysisTransform
Transforming kotlin-daemon-embeddable-2.0.21.jar (org.jetbrains.kotlin:kotlin-daemon-embeddable:2.0.21) with ExternalDependencyInstrumentingArtifactTransform
Transforming trove4j-1.0.20200330.jar (org.jetbrains.intellij.deps:trove4j:1.0.20200330) with ExternalDependencyInstrumentingArtifactTransform
Transforming kotlin-util-io-2.0.21.jar (org.jetbrains.kotlin:kotlin-util-io:2.0.21) with ExternalDependencyInstrumentingArtifactTransform
Transforming failureaccess-1.0.2.jar (com.google.guava:failureaccess:1.0.2) with MergeInstrumentationAnalysisTransform
Transforming listenablefuture-9999.0-empty-to-avoid-conflict-with-guava.jar (com.google.guava:listenablefuture:9999.0-empty-to-avoid-conflict-with-guava) with InstrumentationAnalysisTransform
Transforming listenablefuture-9999.0-empty-to-avoid-conflict-with-guava.jar (com.google.guava:listenablefuture:9999.0-empty-to-avoid-conflict-with-guava) with MergeInstrumentationAnalysisTransform
Transforming commons-logging-1.2.jar (commons-logging:commons-logging:1.2) with InstrumentationAnalysisTransform
Transforming failureaccess-1.0.2.jar (com.google.guava:failureaccess:1.0.2) with ExternalDependencyInstrumentingArtifactTransform
Transforming commons-logging-1.2.jar (commons-logging:commons-logging:1.2) with MergeInstrumentationAnalysisTransform
Transforming listenablefuture-9999.0-empty-to-avoid-conflict-with-guava.jar (com.google.guava:listenablefuture:9999.0-empty-to-avoid-conflict-with-guava) with ExternalDependencyInstrumentingArtifactTransform
Transforming commons-codec-1.11.jar (commons-codec:commons-codec:1.11) with InstrumentationAnalysisTransform
Transforming commons-logging-1.2.jar (commons-logging:commons-logging:1.2) with ExternalDependencyInstrumentingArtifactTransform
Transforming commons-codec-1.11.jar (commons-codec:commons-codec:1.11) with MergeInstrumentationAnalysisTransform
Transforming jna-5.6.0.jar (net.java.dev.jna:jna:5.6.0) with InstrumentationAnalysisTransform
Transforming jna-5.6.0.jar (net.java.dev.jna:jna:5.6.0) with MergeInstrumentationAnalysisTransform
Transforming netty-codec-socks-4.1.110.Final.jar (io.netty:netty-codec-socks:4.1.110.Final) with InstrumentationAnalysisTransform
Transforming netty-codec-socks-4.1.110.Final.jar (io.netty:netty-codec-socks:4.1.110.Final) with MergeInstrumentationAnalysisTransform
Transforming netty-codec-4.1.110.Final.jar (io.netty:netty-codec:4.1.110.Final) with InstrumentationAnalysisTransform
Transforming commons-codec-1.11.jar (commons-codec:commons-codec:1.11) with ExternalDependencyInstrumentingArtifactTransform
Transforming netty-codec-4.1.110.Final.jar (io.netty:netty-codec:4.1.110.Final) with MergeInstrumentationAnalysisTransform
Transforming netty-transport-4.1.110.Final.jar (io.netty:netty-transport:4.1.110.Final) with InstrumentationAnalysisTransform
Transforming netty-codec-socks-4.1.110.Final.jar (io.netty:netty-codec-socks:4.1.110.Final) with ExternalDependencyInstrumentingArtifactTransform
Transforming netty-codec-4.1.110.Final.jar (io.netty:netty-codec:4.1.110.Final) with ExternalDependencyInstrumentingArtifactTransform
Transforming jna-5.6.0.jar (net.java.dev.jna:jna:5.6.0) with ExternalDependencyInstrumentingArtifactTransform
Transforming netty-transport-4.1.110.Final.jar (io.netty:netty-transport:4.1.110.Final) with MergeInstrumentationAnalysisTransform
Transforming netty-buffer-4.1.110.Final.jar (io.netty:netty-buffer:4.1.110.Final) with InstrumentationAnalysisTransform
Transforming netty-buffer-4.1.110.Final.jar (io.netty:netty-buffer:4.1.110.Final) with MergeInstrumentationAnalysisTransform
Transforming netty-transport-4.1.110.Final.jar (io.netty:netty-transport:4.1.110.Final) with ExternalDependencyInstrumentingArtifactTransform
Transforming netty-resolver-4.1.110.Final.jar (io.netty:netty-resolver:4.1.110.Final) with InstrumentationAnalysisTransform
Transforming netty-buffer-4.1.110.Final.jar (io.netty:netty-buffer:4.1.110.Final) with ExternalDependencyInstrumentingArtifactTransform
Transforming netty-resolver-4.1.110.Final.jar (io.netty:netty-resolver:4.1.110.Final) with MergeInstrumentationAnalysisTransform
Transforming netty-common-4.1.110.Final.jar (io.netty:netty-common:4.1.110.Final) with InstrumentationAnalysisTransform
Transforming netty-common-4.1.110.Final.jar (io.netty:netty-common:4.1.110.Final) with MergeInstrumentationAnalysisTransform
Transforming netty-resolver-4.1.110.Final.jar (io.netty:netty-resolver:4.1.110.Final) with ExternalDependencyInstrumentingArtifactTransform
Transforming netty-common-4.1.110.Final.jar (io.netty:netty-common:4.1.110.Final) with ExternalDependencyInstrumentingArtifactTransform

> Configure project :app
Evaluating project ':app' using build file 'E:\Berjis\Apps\Web\gifters\GiftersClub\app\build.gradle.kts'.
Using default execution profile
Using Kotlin Gradle Plugin gradle85 variant
All projects evaluated.
Task path ':app:compileDebugKotlin' matched project ':app'
Task name matched 'compileDebugKotlin'
Adding -Xuse-inline-scopes-numbers Kotlin compiler flag for task :app:compileDebugKotlin
Selected primary task 'compileDebugKotlin' from project :app
Tasks to be executed: [task ':app:checkKotlinGradlePluginConfigurationErrors', task ':app:preBuild', task ':app:preDebugBuild', task ':app:checkDebugAarMetadata', task ':app:generateDebugResValues', task ':app:mapDebugSourceSetPaths', task ':app:generateDebugResources', task ':app:mergeDebugResources', task ':app:packageDebugResources', task ':app:parseDebugLocalResources', task ':app:createDebugCompatibleScreenManifests', task ':app:extractDeepLinksDebug', task ':app:processDebugMainManifest', task ':app:processDebugManifest', task ':app:processDebugManifestForPackage', task ':app:processDebugResources', task ':app:compileDebugKotlin']
Tasks that were excluded: []
Resolve mutations for :app:checkKotlinGradlePluginConfigurationErrors (Thread[#2383,Execution worker,5,main]) started.
:app:checkKotlinGradlePluginConfigurationErrors (Thread[#2383,Execution worker,5,main]) started.
Invalidating in-memory cache of E:\Berjis\Apps\Web\gifters\GiftersClub\.gradle\8.11.1\executionHistory\executionHistory.bin

> Task :app:checkKotlinGradlePluginConfigurationErrors SKIPPED
Skipping task ':app:checkKotlinGradlePluginConfigurationErrors' as task onlyIf 'errorDiagnostics are present' is false.
Resolve mutations for :app:preBuild (Thread[#2383,Execution worker,5,main]) started.
:app:preBuild (Thread[#2386,Execution worker Thread 4,5,main]) started.

> Task :app:preBuild UP-TO-DATE
Skipping task ':app:preBuild' as it has no actions.
Resolve mutations for :app:preDebugBuild (Thread[#2394,Execution worker Thread 12,5,main]) started.
:app:preDebugBuild (Thread[#2394,Execution worker Thread 12,5,main]) started.

> Task :app:preDebugBuild UP-TO-DATE
Skipping task ':app:preDebugBuild' as it has no actions.
Resolve mutations for :app:checkDebugAarMetadata (Thread[#2388,Execution worker Thread 6,5,main]) started.
:app:checkDebugAarMetadata (Thread[#2388,Execution worker Thread 6,5,main]) started.

> Task :app:checkDebugAarMetadata UP-TO-DATE
Transforming material-1.9.0.aar (com.google.android.material:material:1.9.0) with ExtractAarTransform
Transforming coil-2.3.0.aar (io.coil-kt:coil:2.3.0) with ExtractAarTransform
Transforming material-1.9.0.aar (com.google.android.material:material:1.9.0) with AarTransform
Transforming coil-2.3.0.aar (io.coil-kt:coil:2.3.0) with AarTransform
Transforming emoji2-1.2.0.aar (androidx.emoji2:emoji2:1.2.0) with ExtractAarTransform
Transforming emoji2-1.2.0.aar (androidx.emoji2:emoji2:1.2.0) with AarTransform
Transforming fragment-1.6.1.aar (androidx.fragment:fragment:1.6.1) with ExtractAarTransform
Transforming fragment-1.6.1.aar (androidx.fragment:fragment:1.6.1) with AarTransform
Transforming fragment-1.6.1.aar (androidx.fragment:fragment:1.6.1) with ExtractAarTransform
Transforming fragment-1.6.1.aar (androidx.fragment:fragment:1.6.1) with AarTransform
Transforming dynamicanimation-1.0.0.aar (androidx.dynamicanimation:dynamicanimation:1.0.0) with ExtractAarTransform
Transforming dynamicanimation-1.0.0.aar (androidx.dynamicanimation:dynamicanimation:1.0.0) with AarTransform
Transforming vectordrawable-1.1.0.aar (androidx.vectordrawable:vectordrawable:1.1.0) with ExtractAarTransform
Transforming vectordrawable-1.1.0.aar (androidx.vectordrawable:vectordrawable:1.1.0) with ExtractAarTransform
Transforming vectordrawable-1.1.0.aar (androidx.vectordrawable:vectordrawable:1.1.0) with AarTransform
Transforming vectordrawable-1.1.0.aar (androidx.vectordrawable:vectordrawable:1.1.0) with AarTransform
Transforming fragment-ktx-1.6.1.aar (androidx.fragment:fragment-ktx:1.6.1) with ExtractAarTransform
Transforming fragment-ktx-1.6.1.aar (androidx.fragment:fragment-ktx:1.6.1) with AarTransform
Transforming transition-1.2.0.aar (androidx.transition:transition:1.2.0) with ExtractAarTransform
Transforming transition-1.2.0.aar (androidx.transition:transition:1.2.0) with AarTransform
Transforming coordinatorlayout-1.1.0.aar (androidx.coordinatorlayout:coordinatorlayout:1.1.0) with ExtractAarTransform
Transforming coordinatorlayout-1.1.0.aar (androidx.coordinatorlayout:coordinatorlayout:1.1.0) with AarTransform
Transforming recyclerview-1.1.0.aar (androidx.recyclerview:recyclerview:1.1.0) with ExtractAarTransform
Transforming recyclerview-1.1.0.aar (androidx.recyclerview:recyclerview:1.1.0) with ExtractAarTransform
Transforming recyclerview-1.1.0.aar (androidx.recyclerview:recyclerview:1.1.0) with AarTransform
Transforming recyclerview-1.1.0.aar (androidx.recyclerview:recyclerview:1.1.0) with AarTransform
Transforming vectordrawable-animated-1.1.0.aar (androidx.vectordrawable:vectordrawable-animated:1.1.0) with ExtractAarTransform
Transforming vectordrawable-animated-1.1.0.aar (androidx.vectordrawable:vectordrawable-animated:1.1.0) with AarTransform
Transforming legacy-support-core-utils-1.0.0.aar (androidx.legacy:legacy-support-core-utils:1.0.0) with ExtractAarTransform
Transforming legacy-support-core-utils-1.0.0.aar (androidx.legacy:legacy-support-core-utils:1.0.0) with AarTransform
Transforming emoji2-views-helper-1.2.0.aar (androidx.emoji2:emoji2-views-helper:1.2.0) with ExtractAarTransform
Transforming emoji2-views-helper-1.2.0.aar (androidx.emoji2:emoji2-views-helper:1.2.0) with AarTransform
Transforming viewpager2-1.0.0.aar (androidx.viewpager2:viewpager2:1.0.0) with ExtractAarTransform
Transforming viewpager2-1.0.0.aar (androidx.viewpager2:viewpager2:1.0.0) with AarTransform
Transforming loader-1.0.0.aar (androidx.loader:loader:1.0.0) with ExtractAarTransform
Transforming loader-1.0.0.aar (androidx.loader:loader:1.0.0) with ExtractAarTransform
Transforming loader-1.0.0.aar (androidx.loader:loader:1.0.0) with AarTransform
Transforming appcompat-1.6.1.aar (androidx.appcompat:appcompat:1.6.1) with ExtractAarTransform
Transforming loader-1.0.0.aar (androidx.loader:loader:1.0.0) with AarTransform
Transforming appcompat-1.6.1.aar (androidx.appcompat:appcompat:1.6.1) with AarTransform
Transforming coil-base-2.3.0.aar (io.coil-kt:coil-base:2.3.0) with ExtractAarTransform
Transforming coil-base-2.3.0.aar (io.coil-kt:coil-base:2.3.0) with AarTransform
Transforming activity-1.7.2.aar (androidx.activity:activity:1.7.2) with ExtractAarTransform
Transforming activity-1.7.2.aar (androidx.activity:activity:1.7.2) with AarTransform
Transforming drawerlayout-1.1.1.aar (androidx.drawerlayout:drawerlayout:1.1.1) with ExtractAarTransform
Transforming drawerlayout-1.1.1.aar (androidx.drawerlayout:drawerlayout:1.1.1) with AarTransform
Transforming appcompat-resources-1.6.1.aar (androidx.appcompat:appcompat-resources:1.6.1) with ExtractAarTransform
Transforming appcompat-resources-1.6.1.aar (androidx.appcompat:appcompat-resources:1.6.1) with AarTransform
Transforming core-1.16.0.aar (androidx.core:core:1.16.0) with ExtractAarTransform
Transforming core-1.16.0.aar (androidx.core:core:1.16.0) with AarTransform
Transforming constraintlayout-2.0.1.aar (androidx.constraintlayout:constraintlayout:2.0.1) with ExtractAarTransform
Transforming constraintlayout-2.0.1.aar (androidx.constraintlayout:constraintlayout:2.0.1) with AarTransform
Transforming core-1.16.0.aar (androidx.core:core:1.16.0) with ExtractAarTransform
Transforming core-1.16.0.aar (androidx.core:core:1.16.0) with ExtractAarTransform
Transforming core-1.16.0.aar (androidx.core:core:1.16.0) with ExtractAarTransform
Transforming core-1.16.0.aar (androidx.core:core:1.16.0) with ExtractAarTransform
Transforming customview-1.1.0.aar (androidx.customview:customview:1.1.0) with ExtractAarTransform
Transforming customview-1.1.0.aar (androidx.customview:customview:1.1.0) with ExtractAarTransform
Transforming core-1.16.0.aar (androidx.core:core:1.16.0) with ExtractAarTransform
Transforming customview-1.1.0.aar (androidx.customview:customview:1.1.0) with AarTransform
Transforming core-1.16.0.aar (androidx.core:core:1.16.0) with AarTransform
Transforming core-1.16.0.aar (androidx.core:core:1.16.0) with ExtractAarTransform
Transforming customview-1.1.0.aar (androidx.customview:customview:1.1.0) with AarTransform
Transforming core-1.16.0.aar (androidx.core:core:1.16.0) with ExtractAarTransform
Transforming customview-1.1.0.aar (androidx.customview:customview:1.1.0) with ExtractAarTransform
Transforming core-1.16.0.aar (androidx.core:core:1.16.0) with AarTransform
Transforming customview-1.1.0.aar (androidx.customview:customview:1.1.0) with AarTransform
Transforming savedstate-1.2.1.aar (androidx.savedstate:savedstate:1.2.1) with ExtractAarTransform
Transforming core-1.16.0.aar (androidx.core:core:1.16.0) with ExtractAarTransform
Transforming savedstate-1.2.1.aar (androidx.savedstate:savedstate:1.2.1) with AarTransform
Transforming core-1.16.0.aar (androidx.core:core:1.16.0) with AarTransform
Transforming savedstate-ktx-1.2.1.aar (androidx.savedstate:savedstate-ktx:1.2.1) with ExtractAarTransform
Transforming core-1.16.0.aar (androidx.core:core:1.16.0) with ExtractAarTransform
Transforming customview-1.1.0.aar (androidx.customview:customview:1.1.0) with ExtractAarTransform
Transforming core-1.16.0.aar (androidx.core:core:1.16.0) with ExtractAarTransform
Transforming lifecycle-runtime-ktx-2.6.2.aar (androidx.lifecycle:lifecycle-runtime-ktx:2.6.2) with ExtractAarTransform
Transforming core-1.16.0.aar (androidx.core:core:1.16.0) with ExtractAarTransform
Transforming lifecycle-runtime-ktx-2.6.2.aar (androidx.lifecycle:lifecycle-runtime-ktx:2.6.2) with AarTransform
Transforming core-1.16.0.aar (androidx.core:core:1.16.0) with AarTransform
Transforming core-1.16.0.aar (androidx.core:core:1.16.0) with AarTransform
Transforming lifecycle-viewmodel-ktx-2.6.2.aar (androidx.lifecycle:lifecycle-viewmodel-ktx:2.6.2) with ExtractAarTransform
Transforming core-1.16.0.aar (androidx.core:core:1.16.0) with AarTransform
Transforming lifecycle-viewmodel-2.6.2.aar (androidx.lifecycle:lifecycle-viewmodel:2.6.2) with ExtractAarTransform
Transforming core-1.16.0.aar (androidx.core:core:1.16.0) with AarTransform
Transforming lifecycle-viewmodel-2.6.2.aar (androidx.lifecycle:lifecycle-viewmodel:2.6.2) with AarTransform
Transforming customview-1.1.0.aar (androidx.customview:customview:1.1.0) with AarTransform
Transforming core-1.16.0.aar (androidx.core:core:1.16.0) with AarTransform
Transforming lifecycle-livedata-2.6.2.aar (androidx.lifecycle:lifecycle-livedata:2.6.2) with ExtractAarTransform
Transforming savedstate-ktx-1.2.1.aar (androidx.savedstate:savedstate-ktx:1.2.1) with AarTransform
Transforming lifecycle-livedata-2.6.2.aar (androidx.lifecycle:lifecycle-livedata:2.6.2) with AarTransform
Transforming core-1.16.0.aar (androidx.core:core:1.16.0) with AarTransform
Transforming core-1.16.0.aar (androidx.core:core:1.16.0) with AarTransform
Transforming activity-ktx-1.7.2.aar (androidx.activity:activity-ktx:1.7.2) with ExtractAarTransform
Transforming core-1.16.0.aar (androidx.core:core:1.16.0) with AarTransform
Transforming interpolator-1.0.0.aar (androidx.interpolator:interpolator:1.0.0) with ExtractAarTransform
Transforming viewpager-1.0.0.aar (androidx.viewpager:viewpager:1.0.0) with ExtractAarTransform
Transforming interpolator-1.0.0.aar (androidx.interpolator:interpolator:1.0.0) with AarTransform
Transforming interpolator-1.0.0.aar (androidx.interpolator:interpolator:1.0.0) with ExtractAarTransform
Transforming activity-ktx-1.7.2.aar (androidx.activity:activity-ktx:1.7.2) with AarTransform
Transforming interpolator-1.0.0.aar (androidx.interpolator:interpolator:1.0.0) with AarTransform
Transforming lifecycle-process-2.6.2.aar (androidx.lifecycle:lifecycle-process:2.6.2) with ExtractAarTransform
Transforming tracing-1.2.0.aar (androidx.tracing:tracing:1.2.0) with ExtractAarTransform
Transforming lifecycle-viewmodel-ktx-2.6.2.aar (androidx.lifecycle:lifecycle-viewmodel-ktx:2.6.2) with AarTransform
Transforming tracing-1.2.0.aar (androidx.tracing:tracing:1.2.0) with AarTransform
Transforming lifecycle-process-2.6.2.aar (androidx.lifecycle:lifecycle-process:2.6.2) with AarTransform
Transforming lifecycle-runtime-2.6.2.aar (androidx.lifecycle:lifecycle-runtime:2.6.2) with ExtractAarTransform
Transforming viewpager-1.0.0.aar (androidx.viewpager:viewpager:1.0.0) with AarTransform
Transforming lifecycle-runtime-2.6.2.aar (androidx.lifecycle:lifecycle-runtime:2.6.2) with AarTransform
Transforming lifecycle-livedata-core-2.6.2.aar (androidx.lifecycle:lifecycle-livedata-core:2.6.2) with ExtractAarTransform
Transforming exifinterface-1.3.6.aar (androidx.exifinterface:exifinterface:1.3.6) with ExtractAarTransform
Transforming lifecycle-livedata-core-2.6.2.aar (androidx.lifecycle:lifecycle-livedata-core:2.6.2) with AarTransform
Transforming exifinterface-1.3.6.aar (androidx.exifinterface:exifinterface:1.3.6) with AarTransform
Transforming core-runtime-2.2.0.aar (androidx.arch.core:core-runtime:2.2.0) with ExtractAarTransform
Transforming core-runtime-2.2.0.aar (androidx.arch.core:core-runtime:2.2.0) with AarTransform
Transforming profileinstaller-1.3.0.aar (androidx.profileinstaller:profileinstaller:1.3.0) with ExtractAarTransform
Transforming profileinstaller-1.3.0.aar (androidx.profileinstaller:profileinstaller:1.3.0) with AarTransform
Transforming versionedparcelable-1.1.1.aar (androidx.versionedparcelable:versionedparcelable:1.1.1) with ExtractAarTransform
Transforming versionedparcelable-1.1.1.aar (androidx.versionedparcelable:versionedparcelable:1.1.1) with AarTransform
Transforming annotation-experimental-1.4.1.aar (androidx.annotation:annotation-experimental:1.4.1) with ExtractAarTransform
Transforming annotation-experimental-1.4.1.aar (androidx.annotation:annotation-experimental:1.4.1) with AarTransform
Transforming lifecycle-viewmodel-savedstate-2.6.2.aar (androidx.lifecycle:lifecycle-viewmodel-savedstate:2.6.2) with ExtractAarTransform
Transforming lifecycle-viewmodel-savedstate-2.6.2.aar (androidx.lifecycle:lifecycle-viewmodel-savedstate:2.6.2) with AarTransform
Transforming core-viewtree-1.0.0.aar (androidx.core:core-viewtree:1.0.0) with ExtractAarTransform
Transforming core-viewtree-1.0.0.aar (androidx.core:core-viewtree:1.0.0) with AarTransform
Transforming lifecycle-livedata-core-ktx-2.6.2.aar (androidx.lifecycle:lifecycle-livedata-core-ktx:2.6.2) with ExtractAarTransform
Transforming lifecycle-livedata-core-ktx-2.6.2.aar (androidx.lifecycle:lifecycle-livedata-core-ktx:2.6.2) with AarTransform
Transforming cardview-1.0.0.aar (androidx.cardview:cardview:1.0.0) with ExtractAarTransform
Transforming cardview-1.0.0.aar (androidx.cardview:cardview:1.0.0) with AarTransform
Transforming cursoradapter-1.0.0.aar (androidx.cursoradapter:cursoradapter:1.0.0) with ExtractAarTransform
Transforming cursoradapter-1.0.0.aar (androidx.cursoradapter:cursoradapter:1.0.0) with AarTransform
Transforming print-1.0.0.aar (androidx.print:print:1.0.0) with ExtractAarTransform
Transforming print-1.0.0.aar (androidx.print:print:1.0.0) with AarTransform
Transforming lifecycle-viewmodel-2.6.2.aar (androidx.lifecycle:lifecycle-viewmodel:2.6.2) with ExtractAarTransform
Transforming lifecycle-viewmodel-2.6.2.aar (androidx.lifecycle:lifecycle-viewmodel:2.6.2) with AarTransform
Transforming core-ktx-1.16.0.aar (androidx.core:core-ktx:1.16.0) with ExtractAarTransform
Transforming core-ktx-1.16.0.aar (androidx.core:core-ktx:1.16.0) with AarTransform
Transforming documentfile-1.0.0.aar (androidx.documentfile:documentfile:1.0.0) with ExtractAarTransform
Transforming documentfile-1.0.0.aar (androidx.documentfile:documentfile:1.0.0) with AarTransform
Transforming localbroadcastmanager-1.0.0.aar (androidx.localbroadcastmanager:localbroadcastmanager:1.0.0) with ExtractAarTransform
Transforming localbroadcastmanager-1.0.0.aar (androidx.localbroadcastmanager:localbroadcastmanager:1.0.0) with AarTransform
Transforming startup-runtime-1.1.1.aar (androidx.startup:startup-runtime:1.1.1) with ExtractAarTransform
Transforming startup-runtime-1.1.1.aar (androidx.startup:startup-runtime:1.1.1) with AarTransform
Caching disabled for task ':app:checkDebugAarMetadata' because:
  Build cache is disabled
  Caching has been disabled for the task
Skipping task ':app:checkDebugAarMetadata' as it is up-to-date.
Resolve mutations for :app:generateDebugResValues (Thread[#2388,Execution worker Thread 6,5,main]) started.
:app:generateDebugResValues (Thread[#2390,Execution worker Thread 8,5,main]) started.

> Task :app:generateDebugResValues UP-TO-DATE
Caching disabled for task ':app:generateDebugResValues' because:
  Build cache is disabled
Skipping task ':app:generateDebugResValues' as it is up-to-date.
Resolve mutations for :app:mapDebugSourceSetPaths (Thread[#2390,Execution worker Thread 8,5,main]) started.
:app:mapDebugSourceSetPaths (Thread[#2385,Execution worker Thread 3,5,main]) started.

> Task :app:mapDebugSourceSetPaths UP-TO-DATE
Transforming material-1.9.0.aar (com.google.android.material:material:1.9.0) with ExtractAarTransform
Transforming material-1.9.0.aar (com.google.android.material:material:1.9.0) with AarTransform
Transforming coil-2.3.0.aar (io.coil-kt:coil:2.3.0) with ExtractAarTransform
Transforming coil-2.3.0.aar (io.coil-kt:coil:2.3.0) with AarTransform
Transforming coil-base-2.3.0.aar (io.coil-kt:coil-base:2.3.0) with ExtractAarTransform
Transforming coil-base-2.3.0.aar (io.coil-kt:coil-base:2.3.0) with AarTransform
Transforming appcompat-resources-1.6.1.aar (androidx.appcompat:appcompat-resources:1.6.1) with ExtractAarTransform
Transforming appcompat-resources-1.6.1.aar (androidx.appcompat:appcompat-resources:1.6.1) with AarTransform
Transforming constraintlayout-2.0.1.aar (androidx.constraintlayout:constraintlayout:2.0.1) with ExtractAarTransform
Transforming constraintlayout-2.0.1.aar (androidx.constraintlayout:constraintlayout:2.0.1) with AarTransform
Transforming appcompat-1.6.1.aar (androidx.appcompat:appcompat:1.6.1) with ExtractAarTransform
Transforming appcompat-1.6.1.aar (androidx.appcompat:appcompat:1.6.1) with AarTransform
Transforming viewpager2-1.0.0.aar (androidx.viewpager2:viewpager2:1.0.0) with ExtractAarTransform
Transforming viewpager2-1.0.0.aar (androidx.viewpager2:viewpager2:1.0.0) with AarTransform
Transforming fragment-1.6.1.aar (androidx.fragment:fragment:1.6.1) with ExtractAarTransform
Transforming fragment-1.6.1.aar (androidx.fragment:fragment:1.6.1) with AarTransform
Transforming fragment-1.6.1.aar (androidx.fragment:fragment:1.6.1) with ExtractAarTransform
Transforming fragment-1.6.1.aar (androidx.fragment:fragment:1.6.1) with AarTransform
Transforming fragment-ktx-1.6.1.aar (androidx.fragment:fragment-ktx:1.6.1) with ExtractAarTransform
Transforming fragment-ktx-1.6.1.aar (androidx.fragment:fragment-ktx:1.6.1) with AarTransform
Transforming emoji2-views-helper-1.2.0.aar (androidx.emoji2:emoji2-views-helper:1.2.0) with ExtractAarTransform
Transforming emoji2-views-helper-1.2.0.aar (androidx.emoji2:emoji2-views-helper:1.2.0) with AarTransform
Transforming emoji2-1.2.0.aar (androidx.emoji2:emoji2:1.2.0) with ExtractAarTransform
Transforming emoji2-1.2.0.aar (androidx.emoji2:emoji2:1.2.0) with AarTransform
Transforming drawerlayout-1.1.1.aar (androidx.drawerlayout:drawerlayout:1.1.1) with ExtractAarTransform
Transforming drawerlayout-1.1.1.aar (androidx.drawerlayout:drawerlayout:1.1.1) with AarTransform
Transforming coordinatorlayout-1.1.0.aar (androidx.coordinatorlayout:coordinatorlayout:1.1.0) with ExtractAarTransform
Transforming coordinatorlayout-1.1.0.aar (androidx.coordinatorlayout:coordinatorlayout:1.1.0) with AarTransform
Transforming dynamicanimation-1.0.0.aar (androidx.dynamicanimation:dynamicanimation:1.0.0) with ExtractAarTransform
Transforming dynamicanimation-1.0.0.aar (androidx.dynamicanimation:dynamicanimation:1.0.0) with AarTransform
Transforming transition-1.2.0.aar (androidx.transition:transition:1.2.0) with ExtractAarTransform
Transforming transition-1.2.0.aar (androidx.transition:transition:1.2.0) with AarTransform
Transforming vectordrawable-animated-1.1.0.aar (androidx.vectordrawable:vectordrawable-animated:1.1.0) with ExtractAarTransform
Transforming vectordrawable-animated-1.1.0.aar (androidx.vectordrawable:vectordrawable-animated:1.1.0) with AarTransform
Transforming vectordrawable-1.1.0.aar (androidx.vectordrawable:vectordrawable:1.1.0) with ExtractAarTransform
Transforming vectordrawable-1.1.0.aar (androidx.vectordrawable:vectordrawable:1.1.0) with AarTransform
Transforming vectordrawable-1.1.0.aar (androidx.vectordrawable:vectordrawable:1.1.0) with ExtractAarTransform
Transforming vectordrawable-1.1.0.aar (androidx.vectordrawable:vectordrawable:1.1.0) with AarTransform
Transforming recyclerview-1.1.0.aar (androidx.recyclerview:recyclerview:1.1.0) with ExtractAarTransform
Transforming recyclerview-1.1.0.aar (androidx.recyclerview:recyclerview:1.1.0) with AarTransform
Transforming recyclerview-1.1.0.aar (androidx.recyclerview:recyclerview:1.1.0) with ExtractAarTransform
Transforming recyclerview-1.1.0.aar (androidx.recyclerview:recyclerview:1.1.0) with AarTransform
Transforming viewpager-1.0.0.aar (androidx.viewpager:viewpager:1.0.0) with ExtractAarTransform
Transforming viewpager-1.0.0.aar (androidx.viewpager:viewpager:1.0.0) with AarTransform
Transforming customview-1.1.0.aar (androidx.customview:customview:1.1.0) with ExtractAarTransform
Transforming customview-1.1.0.aar (androidx.customview:customview:1.1.0) with AarTransform
Transforming legacy-support-core-utils-1.0.0.aar (androidx.legacy:legacy-support-core-utils:1.0.0) with ExtractAarTransform
Transforming legacy-support-core-utils-1.0.0.aar (androidx.legacy:legacy-support-core-utils:1.0.0) with AarTransform
Transforming activity-ktx-1.7.2.aar (androidx.activity:activity-ktx:1.7.2) with ExtractAarTransform
Transforming activity-ktx-1.7.2.aar (androidx.activity:activity-ktx:1.7.2) with AarTransform
Transforming activity-1.7.2.aar (androidx.activity:activity:1.7.2) with ExtractAarTransform
Transforming activity-1.7.2.aar (androidx.activity:activity:1.7.2) with AarTransform
Transforming loader-1.0.0.aar (androidx.loader:loader:1.0.0) with ExtractAarTransform
Transforming loader-1.0.0.aar (androidx.loader:loader:1.0.0) with AarTransform
Transforming loader-1.0.0.aar (androidx.loader:loader:1.0.0) with ExtractAarTransform
Transforming loader-1.0.0.aar (androidx.loader:loader:1.0.0) with AarTransform
Transforming core-1.16.0.aar (androidx.core:core:1.16.0) with ExtractAarTransform
Transforming core-1.16.0.aar (androidx.core:core:1.16.0) with AarTransform
Transforming core-1.16.0.aar (androidx.core:core:1.16.0) with ExtractAarTransform
Transforming core-1.16.0.aar (androidx.core:core:1.16.0) with AarTransform
Transforming savedstate-ktx-1.2.1.aar (androidx.savedstate:savedstate-ktx:1.2.1) with ExtractAarTransform
Transforming savedstate-ktx-1.2.1.aar (androidx.savedstate:savedstate-ktx:1.2.1) with AarTransform
Transforming savedstate-1.2.1.aar (androidx.savedstate:savedstate:1.2.1) with ExtractAarTransform
Transforming savedstate-1.2.1.aar (androidx.savedstate:savedstate:1.2.1) with AarTransform
Transforming lifecycle-runtime-ktx-2.6.2.aar (androidx.lifecycle:lifecycle-runtime-ktx:2.6.2) with ExtractAarTransform
Transforming lifecycle-runtime-ktx-2.6.2.aar (androidx.lifecycle:lifecycle-runtime-ktx:2.6.2) with AarTransform
Transforming lifecycle-livedata-2.6.2.aar (androidx.lifecycle:lifecycle-livedata:2.6.2) with ExtractAarTransform
Transforming lifecycle-livedata-2.6.2.aar (androidx.lifecycle:lifecycle-livedata:2.6.2) with AarTransform
Transforming lifecycle-viewmodel-ktx-2.6.2.aar (androidx.lifecycle:lifecycle-viewmodel-ktx:2.6.2) with ExtractAarTransform
Transforming lifecycle-viewmodel-ktx-2.6.2.aar (androidx.lifecycle:lifecycle-viewmodel-ktx:2.6.2) with AarTransform
Transforming lifecycle-viewmodel-2.6.2.aar (androidx.lifecycle:lifecycle-viewmodel:2.6.2) with ExtractAarTransform
Transforming lifecycle-viewmodel-2.6.2.aar (androidx.lifecycle:lifecycle-viewmodel:2.6.2) with AarTransform
Transforming lifecycle-viewmodel-2.6.2.aar (androidx.lifecycle:lifecycle-viewmodel:2.6.2) with ExtractAarTransform
Transforming lifecycle-viewmodel-2.6.2.aar (androidx.lifecycle:lifecycle-viewmodel:2.6.2) with AarTransform
Transforming lifecycle-process-2.6.2.aar (androidx.lifecycle:lifecycle-process:2.6.2) with ExtractAarTransform
Transforming lifecycle-process-2.6.2.aar (androidx.lifecycle:lifecycle-process:2.6.2) with AarTransform
Transforming lifecycle-livedata-core-ktx-2.6.2.aar (androidx.lifecycle:lifecycle-livedata-core-ktx:2.6.2) with ExtractAarTransform
Transforming lifecycle-livedata-core-ktx-2.6.2.aar (androidx.lifecycle:lifecycle-livedata-core-ktx:2.6.2) with AarTransform
Transforming lifecycle-livedata-core-2.6.2.aar (androidx.lifecycle:lifecycle-livedata-core:2.6.2) with ExtractAarTransform
Transforming lifecycle-livedata-core-2.6.2.aar (androidx.lifecycle:lifecycle-livedata-core:2.6.2) with AarTransform
Transforming lifecycle-runtime-2.6.2.aar (androidx.lifecycle:lifecycle-runtime:2.6.2) with ExtractAarTransform
Transforming lifecycle-runtime-2.6.2.aar (androidx.lifecycle:lifecycle-runtime:2.6.2) with AarTransform
Transforming lifecycle-viewmodel-savedstate-2.6.2.aar (androidx.lifecycle:lifecycle-viewmodel-savedstate:2.6.2) with ExtractAarTransform
Transforming lifecycle-viewmodel-savedstate-2.6.2.aar (androidx.lifecycle:lifecycle-viewmodel-savedstate:2.6.2) with AarTransform
Transforming core-ktx-1.16.0.aar (androidx.core:core-ktx:1.16.0) with ExtractAarTransform
Transforming core-ktx-1.16.0.aar (androidx.core:core-ktx:1.16.0) with AarTransform
Transforming cursoradapter-1.0.0.aar (androidx.cursoradapter:cursoradapter:1.0.0) with ExtractAarTransform
Transforming cursoradapter-1.0.0.aar (androidx.cursoradapter:cursoradapter:1.0.0) with AarTransform
Transforming cardview-1.0.0.aar (androidx.cardview:cardview:1.0.0) with ExtractAarTransform
Transforming cardview-1.0.0.aar (androidx.cardview:cardview:1.0.0) with AarTransform
Transforming interpolator-1.0.0.aar (androidx.interpolator:interpolator:1.0.0) with ExtractAarTransform
Transforming interpolator-1.0.0.aar (androidx.interpolator:interpolator:1.0.0) with AarTransform
Transforming interpolator-1.0.0.aar (androidx.interpolator:interpolator:1.0.0) with ExtractAarTransform
Transforming interpolator-1.0.0.aar (androidx.interpolator:interpolator:1.0.0) with AarTransform
Transforming profileinstaller-1.3.0.aar (androidx.profileinstaller:profileinstaller:1.3.0) with ExtractAarTransform
Transforming profileinstaller-1.3.0.aar (androidx.profileinstaller:profileinstaller:1.3.0) with AarTransform
Transforming startup-runtime-1.1.1.aar (androidx.startup:startup-runtime:1.1.1) with ExtractAarTransform
Transforming startup-runtime-1.1.1.aar (androidx.startup:startup-runtime:1.1.1) with AarTransform
Transforming tracing-1.2.0.aar (androidx.tracing:tracing:1.2.0) with ExtractAarTransform
Transforming tracing-1.2.0.aar (androidx.tracing:tracing:1.2.0) with AarTransform
Transforming versionedparcelable-1.1.1.aar (androidx.versionedparcelable:versionedparcelable:1.1.1) with ExtractAarTransform
Transforming versionedparcelable-1.1.1.aar (androidx.versionedparcelable:versionedparcelable:1.1.1) with AarTransform
Transforming exifinterface-1.3.6.aar (androidx.exifinterface:exifinterface:1.3.6) with ExtractAarTransform
Transforming exifinterface-1.3.6.aar (androidx.exifinterface:exifinterface:1.3.6) with AarTransform
Transforming core-runtime-2.2.0.aar (androidx.arch.core:core-runtime:2.2.0) with ExtractAarTransform
Transforming core-runtime-2.2.0.aar (androidx.arch.core:core-runtime:2.2.0) with AarTransform
Transforming documentfile-1.0.0.aar (androidx.documentfile:documentfile:1.0.0) with ExtractAarTransform
Transforming documentfile-1.0.0.aar (androidx.documentfile:documentfile:1.0.0) with AarTransform
Transforming localbroadcastmanager-1.0.0.aar (androidx.localbroadcastmanager:localbroadcastmanager:1.0.0) with ExtractAarTransform
Transforming localbroadcastmanager-1.0.0.aar (androidx.localbroadcastmanager:localbroadcastmanager:1.0.0) with AarTransform
Transforming print-1.0.0.aar (androidx.print:print:1.0.0) with ExtractAarTransform
Transforming print-1.0.0.aar (androidx.print:print:1.0.0) with AarTransform
Transforming annotation-experimental-1.4.1.aar (androidx.annotation:annotation-experimental:1.4.1) with ExtractAarTransform
Transforming annotation-experimental-1.4.1.aar (androidx.annotation:annotation-experimental:1.4.1) with AarTransform
Transforming core-viewtree-1.0.0.aar (androidx.core:core-viewtree:1.0.0) with ExtractAarTransform
Transforming core-viewtree-1.0.0.aar (androidx.core:core-viewtree:1.0.0) with AarTransform
Caching disabled for task ':app:mapDebugSourceSetPaths' because:
  Build cache is disabled
  Caching has been disabled for the task
Skipping task ':app:mapDebugSourceSetPaths' as it is up-to-date.
Resolve mutations for :app:generateDebugResources (Thread[#2385,Execution worker Thread 3,5,main]) started.
:app:generateDebugResources (Thread[#2385,Execution worker Thread 3,5,main]) started.

> Task :app:generateDebugResources UP-TO-DATE
Caching disabled for task ':app:generateDebugResources' because:
  Build cache is disabled
Skipping task ':app:generateDebugResources' as it is up-to-date.
Resolve mutations for :app:mergeDebugResources (Thread[#2385,Execution worker Thread 3,5,main]) started.
:app:mergeDebugResources (Thread[#2385,Execution worker Thread 3,5,main]) started.

> Task :app:mergeDebugResources UP-TO-DATE
Caching disabled for task ':app:mergeDebugResources' because:
  Build cache is disabled
Skipping task ':app:mergeDebugResources' as it is up-to-date.
Resolve mutations for :app:packageDebugResources (Thread[#2385,Execution worker Thread 3,5,main]) started.
:app:packageDebugResources (Thread[#2385,Execution worker Thread 3,5,main]) started.

> Task :app:packageDebugResources UP-TO-DATE
Caching disabled for task ':app:packageDebugResources' because:
  Build cache is disabled
Skipping task ':app:packageDebugResources' as it is up-to-date.
Resolve mutations for :app:parseDebugLocalResources (Thread[#2385,Execution worker Thread 3,5,main]) started.
:app:parseDebugLocalResources (Thread[#2385,Execution worker Thread 3,5,main]) started.

> Task :app:parseDebugLocalResources UP-TO-DATE
Transforming android.jar with PlatformAttrTransform
Transforming android.jar with PlatformAttrTransform
Transforming android.jar with PlatformAttrTransform
Transforming android.jar with PlatformAttrTransform
Transforming android.jar with PlatformAttrTransform
Transforming android.jar with PlatformAttrTransform
Caching disabled for task ':app:parseDebugLocalResources' because:
  Build cache is disabled
Skipping task ':app:parseDebugLocalResources' as it is up-to-date.
Resolve mutations for :app:createDebugCompatibleScreenManifests (Thread[#2385,Execution worker Thread 3,5,main]) started.
:app:createDebugCompatibleScreenManifests (Thread[#2394,Execution worker Thread 12,5,main]) started.

> Task :app:createDebugCompatibleScreenManifests UP-TO-DATE
Caching disabled for task ':app:createDebugCompatibleScreenManifests' because:
  Build cache is disabled
  Caching has been disabled for the task
Skipping task ':app:createDebugCompatibleScreenManifests' as it is up-to-date.
Resolve mutations for :app:extractDeepLinksDebug (Thread[#2394,Execution worker Thread 12,5,main]) started.
:app:extractDeepLinksDebug (Thread[#2393,Execution worker Thread 11,5,main]) started.

> Task :app:extractDeepLinksDebug UP-TO-DATE
Caching disabled for task ':app:extractDeepLinksDebug' because:
  Build cache is disabled
Skipping task ':app:extractDeepLinksDebug' as it is up-to-date.
Resolve mutations for :app:processDebugMainManifest (Thread[#2393,Execution worker Thread 11,5,main]) started.
:app:processDebugMainManifest (Thread[#2393,Execution worker Thread 11,5,main]) started.

> Task :app:processDebugMainManifest UP-TO-DATE
Transforming material-1.9.0.aar (com.google.android.material:material:1.9.0) with ExtractAarTransform
Transforming material-1.9.0.aar (com.google.android.material:material:1.9.0) with AarTransform
Transforming coil-2.3.0.aar (io.coil-kt:coil:2.3.0) with ExtractAarTransform
Transforming coil-2.3.0.aar (io.coil-kt:coil:2.3.0) with AarTransform
Transforming coil-base-2.3.0.aar (io.coil-kt:coil-base:2.3.0) with ExtractAarTransform
Transforming coil-base-2.3.0.aar (io.coil-kt:coil-base:2.3.0) with AarTransform
Transforming appcompat-resources-1.6.1.aar (androidx.appcompat:appcompat-resources:1.6.1) with ExtractAarTransform
Transforming appcompat-resources-1.6.1.aar (androidx.appcompat:appcompat-resources:1.6.1) with AarTransform
Transforming constraintlayout-2.0.1.aar (androidx.constraintlayout:constraintlayout:2.0.1) with ExtractAarTransform
Transforming constraintlayout-2.0.1.aar (androidx.constraintlayout:constraintlayout:2.0.1) with AarTransform
Transforming appcompat-1.6.1.aar (androidx.appcompat:appcompat:1.6.1) with ExtractAarTransform
Transforming appcompat-1.6.1.aar (androidx.appcompat:appcompat:1.6.1) with AarTransform
Transforming viewpager2-1.0.0.aar (androidx.viewpager2:viewpager2:1.0.0) with ExtractAarTransform
Transforming viewpager2-1.0.0.aar (androidx.viewpager2:viewpager2:1.0.0) with AarTransform
Transforming fragment-1.6.1.aar (androidx.fragment:fragment:1.6.1) with ExtractAarTransform
Transforming fragment-1.6.1.aar (androidx.fragment:fragment:1.6.1) with AarTransform
Transforming fragment-1.6.1.aar (androidx.fragment:fragment:1.6.1) with ExtractAarTransform
Transforming fragment-1.6.1.aar (androidx.fragment:fragment:1.6.1) with AarTransform
Transforming fragment-ktx-1.6.1.aar (androidx.fragment:fragment-ktx:1.6.1) with ExtractAarTransform
Transforming fragment-ktx-1.6.1.aar (androidx.fragment:fragment-ktx:1.6.1) with AarTransform
Transforming emoji2-views-helper-1.2.0.aar (androidx.emoji2:emoji2-views-helper:1.2.0) with ExtractAarTransform
Transforming emoji2-views-helper-1.2.0.aar (androidx.emoji2:emoji2-views-helper:1.2.0) with AarTransform
Transforming emoji2-1.2.0.aar (androidx.emoji2:emoji2:1.2.0) with ExtractAarTransform
Transforming emoji2-1.2.0.aar (androidx.emoji2:emoji2:1.2.0) with AarTransform
Transforming drawerlayout-1.1.1.aar (androidx.drawerlayout:drawerlayout:1.1.1) with ExtractAarTransform
Transforming drawerlayout-1.1.1.aar (androidx.drawerlayout:drawerlayout:1.1.1) with AarTransform
Transforming coordinatorlayout-1.1.0.aar (androidx.coordinatorlayout:coordinatorlayout:1.1.0) with ExtractAarTransform
Transforming coordinatorlayout-1.1.0.aar (androidx.coordinatorlayout:coordinatorlayout:1.1.0) with AarTransform
Transforming dynamicanimation-1.0.0.aar (androidx.dynamicanimation:dynamicanimation:1.0.0) with ExtractAarTransform
Transforming dynamicanimation-1.0.0.aar (androidx.dynamicanimation:dynamicanimation:1.0.0) with AarTransform
Transforming transition-1.2.0.aar (androidx.transition:transition:1.2.0) with ExtractAarTransform
Transforming transition-1.2.0.aar (androidx.transition:transition:1.2.0) with AarTransform
Transforming vectordrawable-animated-1.1.0.aar (androidx.vectordrawable:vectordrawable-animated:1.1.0) with ExtractAarTransform
Transforming vectordrawable-animated-1.1.0.aar (androidx.vectordrawable:vectordrawable-animated:1.1.0) with AarTransform
Transforming vectordrawable-1.1.0.aar (androidx.vectordrawable:vectordrawable:1.1.0) with ExtractAarTransform
Transforming vectordrawable-1.1.0.aar (androidx.vectordrawable:vectordrawable:1.1.0) with AarTransform
Transforming vectordrawable-1.1.0.aar (androidx.vectordrawable:vectordrawable:1.1.0) with ExtractAarTransform
Transforming vectordrawable-1.1.0.aar (androidx.vectordrawable:vectordrawable:1.1.0) with AarTransform
Transforming recyclerview-1.1.0.aar (androidx.recyclerview:recyclerview:1.1.0) with ExtractAarTransform
Transforming recyclerview-1.1.0.aar (androidx.recyclerview:recyclerview:1.1.0) with AarTransform
Transforming recyclerview-1.1.0.aar (androidx.recyclerview:recyclerview:1.1.0) with ExtractAarTransform
Transforming recyclerview-1.1.0.aar (androidx.recyclerview:recyclerview:1.1.0) with AarTransform
Transforming viewpager-1.0.0.aar (androidx.viewpager:viewpager:1.0.0) with ExtractAarTransform
Transforming viewpager-1.0.0.aar (androidx.viewpager:viewpager:1.0.0) with AarTransform
Transforming customview-1.1.0.aar (androidx.customview:customview:1.1.0) with ExtractAarTransform
Transforming customview-1.1.0.aar (androidx.customview:customview:1.1.0) with AarTransform
Transforming legacy-support-core-utils-1.0.0.aar (androidx.legacy:legacy-support-core-utils:1.0.0) with ExtractAarTransform
Transforming legacy-support-core-utils-1.0.0.aar (androidx.legacy:legacy-support-core-utils:1.0.0) with AarTransform
Transforming activity-ktx-1.7.2.aar (androidx.activity:activity-ktx:1.7.2) with ExtractAarTransform
Transforming activity-ktx-1.7.2.aar (androidx.activity:activity-ktx:1.7.2) with AarTransform
Transforming activity-1.7.2.aar (androidx.activity:activity:1.7.2) with ExtractAarTransform
Transforming activity-1.7.2.aar (androidx.activity:activity:1.7.2) with AarTransform
Transforming loader-1.0.0.aar (androidx.loader:loader:1.0.0) with ExtractAarTransform
Transforming loader-1.0.0.aar (androidx.loader:loader:1.0.0) with AarTransform
Transforming loader-1.0.0.aar (androidx.loader:loader:1.0.0) with ExtractAarTransform
Transforming loader-1.0.0.aar (androidx.loader:loader:1.0.0) with AarTransform
Transforming core-1.16.0.aar (androidx.core:core:1.16.0) with ExtractAarTransform
Transforming core-1.16.0.aar (androidx.core:core:1.16.0) with AarTransform
Transforming core-1.16.0.aar (androidx.core:core:1.16.0) with ExtractAarTransform
Transforming core-1.16.0.aar (androidx.core:core:1.16.0) with AarTransform
Transforming savedstate-ktx-1.2.1.aar (androidx.savedstate:savedstate-ktx:1.2.1) with ExtractAarTransform
Transforming savedstate-ktx-1.2.1.aar (androidx.savedstate:savedstate-ktx:1.2.1) with AarTransform
Transforming savedstate-1.2.1.aar (androidx.savedstate:savedstate:1.2.1) with ExtractAarTransform
Transforming savedstate-1.2.1.aar (androidx.savedstate:savedstate:1.2.1) with AarTransform
Transforming lifecycle-runtime-ktx-2.6.2.aar (androidx.lifecycle:lifecycle-runtime-ktx:2.6.2) with ExtractAarTransform
Transforming lifecycle-runtime-ktx-2.6.2.aar (androidx.lifecycle:lifecycle-runtime-ktx:2.6.2) with AarTransform
Transforming lifecycle-livedata-2.6.2.aar (androidx.lifecycle:lifecycle-livedata:2.6.2) with ExtractAarTransform
Transforming lifecycle-livedata-2.6.2.aar (androidx.lifecycle:lifecycle-livedata:2.6.2) with AarTransform
Transforming lifecycle-viewmodel-ktx-2.6.2.aar (androidx.lifecycle:lifecycle-viewmodel-ktx:2.6.2) with ExtractAarTransform
Transforming lifecycle-viewmodel-ktx-2.6.2.aar (androidx.lifecycle:lifecycle-viewmodel-ktx:2.6.2) with AarTransform
Transforming lifecycle-viewmodel-2.6.2.aar (androidx.lifecycle:lifecycle-viewmodel:2.6.2) with ExtractAarTransform
Transforming lifecycle-viewmodel-2.6.2.aar (androidx.lifecycle:lifecycle-viewmodel:2.6.2) with AarTransform
Transforming lifecycle-viewmodel-2.6.2.aar (androidx.lifecycle:lifecycle-viewmodel:2.6.2) with ExtractAarTransform
Transforming lifecycle-viewmodel-2.6.2.aar (androidx.lifecycle:lifecycle-viewmodel:2.6.2) with AarTransform
Transforming lifecycle-process-2.6.2.aar (androidx.lifecycle:lifecycle-process:2.6.2) with ExtractAarTransform
Transforming lifecycle-process-2.6.2.aar (androidx.lifecycle:lifecycle-process:2.6.2) with AarTransform
Transforming lifecycle-livedata-core-ktx-2.6.2.aar (androidx.lifecycle:lifecycle-livedata-core-ktx:2.6.2) with ExtractAarTransform
Transforming lifecycle-livedata-core-ktx-2.6.2.aar (androidx.lifecycle:lifecycle-livedata-core-ktx:2.6.2) with AarTransform
Transforming lifecycle-livedata-core-2.6.2.aar (androidx.lifecycle:lifecycle-livedata-core:2.6.2) with ExtractAarTransform
Transforming lifecycle-livedata-core-2.6.2.aar (androidx.lifecycle:lifecycle-livedata-core:2.6.2) with AarTransform
Transforming lifecycle-runtime-2.6.2.aar (androidx.lifecycle:lifecycle-runtime:2.6.2) with ExtractAarTransform
Transforming lifecycle-runtime-2.6.2.aar (androidx.lifecycle:lifecycle-runtime:2.6.2) with AarTransform
Transforming lifecycle-viewmodel-savedstate-2.6.2.aar (androidx.lifecycle:lifecycle-viewmodel-savedstate:2.6.2) with ExtractAarTransform
Transforming lifecycle-viewmodel-savedstate-2.6.2.aar (androidx.lifecycle:lifecycle-viewmodel-savedstate:2.6.2) with AarTransform
Transforming core-ktx-1.16.0.aar (androidx.core:core-ktx:1.16.0) with ExtractAarTransform
Transforming core-ktx-1.16.0.aar (androidx.core:core-ktx:1.16.0) with AarTransform
Transforming cursoradapter-1.0.0.aar (androidx.cursoradapter:cursoradapter:1.0.0) with ExtractAarTransform
Transforming cursoradapter-1.0.0.aar (androidx.cursoradapter:cursoradapter:1.0.0) with AarTransform
Transforming cardview-1.0.0.aar (androidx.cardview:cardview:1.0.0) with ExtractAarTransform
Transforming cardview-1.0.0.aar (androidx.cardview:cardview:1.0.0) with AarTransform
Transforming interpolator-1.0.0.aar (androidx.interpolator:interpolator:1.0.0) with ExtractAarTransform
Transforming interpolator-1.0.0.aar (androidx.interpolator:interpolator:1.0.0) with AarTransform
Transforming interpolator-1.0.0.aar (androidx.interpolator:interpolator:1.0.0) with ExtractAarTransform
Transforming interpolator-1.0.0.aar (androidx.interpolator:interpolator:1.0.0) with AarTransform
Transforming profileinstaller-1.3.0.aar (androidx.profileinstaller:profileinstaller:1.3.0) with ExtractAarTransform
Transforming profileinstaller-1.3.0.aar (androidx.profileinstaller:profileinstaller:1.3.0) with AarTransform
Transforming startup-runtime-1.1.1.aar (androidx.startup:startup-runtime:1.1.1) with ExtractAarTransform
Transforming startup-runtime-1.1.1.aar (androidx.startup:startup-runtime:1.1.1) with AarTransform
Transforming tracing-1.2.0.aar (androidx.tracing:tracing:1.2.0) with ExtractAarTransform
Transforming tracing-1.2.0.aar (androidx.tracing:tracing:1.2.0) with AarTransform
Transforming versionedparcelable-1.1.1.aar (androidx.versionedparcelable:versionedparcelable:1.1.1) with ExtractAarTransform
Transforming versionedparcelable-1.1.1.aar (androidx.versionedparcelable:versionedparcelable:1.1.1) with AarTransform
Transforming exifinterface-1.3.6.aar (androidx.exifinterface:exifinterface:1.3.6) with ExtractAarTransform
Transforming exifinterface-1.3.6.aar (androidx.exifinterface:exifinterface:1.3.6) with AarTransform
Transforming core-runtime-2.2.0.aar (androidx.arch.core:core-runtime:2.2.0) with ExtractAarTransform
Transforming core-runtime-2.2.0.aar (androidx.arch.core:core-runtime:2.2.0) with AarTransform
Transforming documentfile-1.0.0.aar (androidx.documentfile:documentfile:1.0.0) with ExtractAarTransform
Transforming documentfile-1.0.0.aar (androidx.documentfile:documentfile:1.0.0) with AarTransform
Transforming localbroadcastmanager-1.0.0.aar (androidx.localbroadcastmanager:localbroadcastmanager:1.0.0) with ExtractAarTransform
Transforming localbroadcastmanager-1.0.0.aar (androidx.localbroadcastmanager:localbroadcastmanager:1.0.0) with AarTransform
Transforming print-1.0.0.aar (androidx.print:print:1.0.0) with ExtractAarTransform
Transforming print-1.0.0.aar (androidx.print:print:1.0.0) with AarTransform
Transforming annotation-experimental-1.4.1.aar (androidx.annotation:annotation-experimental:1.4.1) with ExtractAarTransform
Transforming annotation-experimental-1.4.1.aar (androidx.annotation:annotation-experimental:1.4.1) with AarTransform
Transforming core-viewtree-1.0.0.aar (androidx.core:core-viewtree:1.0.0) with ExtractAarTransform
Transforming core-viewtree-1.0.0.aar (androidx.core:core-viewtree:1.0.0) with AarTransform
Transforming material-1.9.0.aar (com.google.android.material:material:1.9.0) with ExtractAarTransform
Transforming material-1.9.0.aar (com.google.android.material:material:1.9.0) with AarTransform
Transforming coil-2.3.0.aar (io.coil-kt:coil:2.3.0) with ExtractAarTransform
Transforming coil-2.3.0.aar (io.coil-kt:coil:2.3.0) with AarTransform
Transforming coil-base-2.3.0.aar (io.coil-kt:coil-base:2.3.0) with ExtractAarTransform
Transforming coil-base-2.3.0.aar (io.coil-kt:coil-base:2.3.0) with AarTransform
Transforming appcompat-resources-1.6.1.aar (androidx.appcompat:appcompat-resources:1.6.1) with ExtractAarTransform
Transforming appcompat-resources-1.6.1.aar (androidx.appcompat:appcompat-resources:1.6.1) with AarTransform
Transforming constraintlayout-2.0.1.aar (androidx.constraintlayout:constraintlayout:2.0.1) with ExtractAarTransform
Transforming constraintlayout-2.0.1.aar (androidx.constraintlayout:constraintlayout:2.0.1) with AarTransform
Transforming appcompat-1.6.1.aar (androidx.appcompat:appcompat:1.6.1) with ExtractAarTransform
Transforming appcompat-1.6.1.aar (androidx.appcompat:appcompat:1.6.1) with AarTransform
Transforming viewpager2-1.0.0.aar (androidx.viewpager2:viewpager2:1.0.0) with ExtractAarTransform
Transforming viewpager2-1.0.0.aar (androidx.viewpager2:viewpager2:1.0.0) with AarTransform
Transforming fragment-1.6.1.aar (androidx.fragment:fragment:1.6.1) with ExtractAarTransform
Transforming fragment-1.6.1.aar (androidx.fragment:fragment:1.6.1) with AarTransform
Transforming fragment-1.6.1.aar (androidx.fragment:fragment:1.6.1) with ExtractAarTransform
Transforming fragment-1.6.1.aar (androidx.fragment:fragment:1.6.1) with AarTransform
Transforming fragment-ktx-1.6.1.aar (androidx.fragment:fragment-ktx:1.6.1) with ExtractAarTransform
Transforming fragment-ktx-1.6.1.aar (androidx.fragment:fragment-ktx:1.6.1) with AarTransform
Transforming emoji2-views-helper-1.2.0.aar (androidx.emoji2:emoji2-views-helper:1.2.0) with ExtractAarTransform
Transforming emoji2-views-helper-1.2.0.aar (androidx.emoji2:emoji2-views-helper:1.2.0) with AarTransform
Transforming emoji2-1.2.0.aar (androidx.emoji2:emoji2:1.2.0) with ExtractAarTransform
Transforming emoji2-1.2.0.aar (androidx.emoji2:emoji2:1.2.0) with AarTransform
Transforming drawerlayout-1.1.1.aar (androidx.drawerlayout:drawerlayout:1.1.1) with ExtractAarTransform
Transforming drawerlayout-1.1.1.aar (androidx.drawerlayout:drawerlayout:1.1.1) with AarTransform
Transforming coordinatorlayout-1.1.0.aar (androidx.coordinatorlayout:coordinatorlayout:1.1.0) with ExtractAarTransform
Transforming coordinatorlayout-1.1.0.aar (androidx.coordinatorlayout:coordinatorlayout:1.1.0) with AarTransform
Transforming dynamicanimation-1.0.0.aar (androidx.dynamicanimation:dynamicanimation:1.0.0) with ExtractAarTransform
Transforming dynamicanimation-1.0.0.aar (androidx.dynamicanimation:dynamicanimation:1.0.0) with AarTransform
Transforming transition-1.2.0.aar (androidx.transition:transition:1.2.0) with ExtractAarTransform
Transforming transition-1.2.0.aar (androidx.transition:transition:1.2.0) with AarTransform
Transforming vectordrawable-animated-1.1.0.aar (androidx.vectordrawable:vectordrawable-animated:1.1.0) with ExtractAarTransform
Transforming vectordrawable-animated-1.1.0.aar (androidx.vectordrawable:vectordrawable-animated:1.1.0) with AarTransform
Transforming vectordrawable-1.1.0.aar (androidx.vectordrawable:vectordrawable:1.1.0) with ExtractAarTransform
Transforming vectordrawable-1.1.0.aar (androidx.vectordrawable:vectordrawable:1.1.0) with AarTransform
Transforming vectordrawable-1.1.0.aar (androidx.vectordrawable:vectordrawable:1.1.0) with ExtractAarTransform
Transforming vectordrawable-1.1.0.aar (androidx.vectordrawable:vectordrawable:1.1.0) with AarTransform
Transforming recyclerview-1.1.0.aar (androidx.recyclerview:recyclerview:1.1.0) with ExtractAarTransform
Transforming recyclerview-1.1.0.aar (androidx.recyclerview:recyclerview:1.1.0) with AarTransform
Transforming recyclerview-1.1.0.aar (androidx.recyclerview:recyclerview:1.1.0) with ExtractAarTransform
Transforming recyclerview-1.1.0.aar (androidx.recyclerview:recyclerview:1.1.0) with AarTransform
Transforming viewpager-1.0.0.aar (androidx.viewpager:viewpager:1.0.0) with ExtractAarTransform
Transforming viewpager-1.0.0.aar (androidx.viewpager:viewpager:1.0.0) with AarTransform
Transforming customview-1.1.0.aar (androidx.customview:customview:1.1.0) with ExtractAarTransform
Transforming customview-1.1.0.aar (androidx.customview:customview:1.1.0) with AarTransform
Transforming legacy-support-core-utils-1.0.0.aar (androidx.legacy:legacy-support-core-utils:1.0.0) with ExtractAarTransform
Transforming legacy-support-core-utils-1.0.0.aar (androidx.legacy:legacy-support-core-utils:1.0.0) with AarTransform
Transforming activity-ktx-1.7.2.aar (androidx.activity:activity-ktx:1.7.2) with ExtractAarTransform
Transforming activity-ktx-1.7.2.aar (androidx.activity:activity-ktx:1.7.2) with AarTransform
Transforming activity-1.7.2.aar (androidx.activity:activity:1.7.2) with ExtractAarTransform
Transforming activity-1.7.2.aar (androidx.activity:activity:1.7.2) with AarTransform
Transforming loader-1.0.0.aar (androidx.loader:loader:1.0.0) with ExtractAarTransform
Transforming loader-1.0.0.aar (androidx.loader:loader:1.0.0) with AarTransform
Transforming loader-1.0.0.aar (androidx.loader:loader:1.0.0) with ExtractAarTransform
Transforming loader-1.0.0.aar (androidx.loader:loader:1.0.0) with AarTransform
Transforming core-1.16.0.aar (androidx.core:core:1.16.0) with ExtractAarTransform
Transforming core-1.16.0.aar (androidx.core:core:1.16.0) with AarTransform
Transforming core-1.16.0.aar (androidx.core:core:1.16.0) with ExtractAarTransform
Transforming core-1.16.0.aar (androidx.core:core:1.16.0) with AarTransform
Transforming savedstate-ktx-1.2.1.aar (androidx.savedstate:savedstate-ktx:1.2.1) with ExtractAarTransform
Transforming savedstate-ktx-1.2.1.aar (androidx.savedstate:savedstate-ktx:1.2.1) with AarTransform
Transforming savedstate-1.2.1.aar (androidx.savedstate:savedstate:1.2.1) with ExtractAarTransform
Transforming savedstate-1.2.1.aar (androidx.savedstate:savedstate:1.2.1) with AarTransform
Transforming lifecycle-runtime-ktx-2.6.2.aar (androidx.lifecycle:lifecycle-runtime-ktx:2.6.2) with ExtractAarTransform
Transforming lifecycle-runtime-ktx-2.6.2.aar (androidx.lifecycle:lifecycle-runtime-ktx:2.6.2) with AarTransform
Transforming lifecycle-livedata-2.6.2.aar (androidx.lifecycle:lifecycle-livedata:2.6.2) with ExtractAarTransform
Transforming lifecycle-livedata-2.6.2.aar (androidx.lifecycle:lifecycle-livedata:2.6.2) with AarTransform
Transforming lifecycle-viewmodel-ktx-2.6.2.aar (androidx.lifecycle:lifecycle-viewmodel-ktx:2.6.2) with ExtractAarTransform
Transforming lifecycle-viewmodel-ktx-2.6.2.aar (androidx.lifecycle:lifecycle-viewmodel-ktx:2.6.2) with AarTransform
Transforming lifecycle-viewmodel-2.6.2.aar (androidx.lifecycle:lifecycle-viewmodel:2.6.2) with ExtractAarTransform
Transforming lifecycle-viewmodel-2.6.2.aar (androidx.lifecycle:lifecycle-viewmodel:2.6.2) with AarTransform
Transforming lifecycle-viewmodel-2.6.2.aar (androidx.lifecycle:lifecycle-viewmodel:2.6.2) with ExtractAarTransform
Transforming lifecycle-viewmodel-2.6.2.aar (androidx.lifecycle:lifecycle-viewmodel:2.6.2) with AarTransform
Transforming lifecycle-process-2.6.2.aar (androidx.lifecycle:lifecycle-process:2.6.2) with ExtractAarTransform
Transforming lifecycle-process-2.6.2.aar (androidx.lifecycle:lifecycle-process:2.6.2) with AarTransform
Transforming lifecycle-livedata-core-ktx-2.6.2.aar (androidx.lifecycle:lifecycle-livedata-core-ktx:2.6.2) with ExtractAarTransform
Transforming lifecycle-livedata-core-ktx-2.6.2.aar (androidx.lifecycle:lifecycle-livedata-core-ktx:2.6.2) with AarTransform
Transforming lifecycle-livedata-core-2.6.2.aar (androidx.lifecycle:lifecycle-livedata-core:2.6.2) with ExtractAarTransform
Transforming lifecycle-livedata-core-2.6.2.aar (androidx.lifecycle:lifecycle-livedata-core:2.6.2) with AarTransform
Transforming lifecycle-runtime-2.6.2.aar (androidx.lifecycle:lifecycle-runtime:2.6.2) with ExtractAarTransform
Transforming lifecycle-runtime-2.6.2.aar (androidx.lifecycle:lifecycle-runtime:2.6.2) with AarTransform
Transforming lifecycle-viewmodel-savedstate-2.6.2.aar (androidx.lifecycle:lifecycle-viewmodel-savedstate:2.6.2) with ExtractAarTransform
Transforming lifecycle-viewmodel-savedstate-2.6.2.aar (androidx.lifecycle:lifecycle-viewmodel-savedstate:2.6.2) with AarTransform
Transforming core-ktx-1.16.0.aar (androidx.core:core-ktx:1.16.0) with ExtractAarTransform
Transforming core-ktx-1.16.0.aar (androidx.core:core-ktx:1.16.0) with AarTransform
Transforming cursoradapter-1.0.0.aar (androidx.cursoradapter:cursoradapter:1.0.0) with ExtractAarTransform
Transforming cursoradapter-1.0.0.aar (androidx.cursoradapter:cursoradapter:1.0.0) with AarTransform
Transforming cardview-1.0.0.aar (androidx.cardview:cardview:1.0.0) with ExtractAarTransform
Transforming cardview-1.0.0.aar (androidx.cardview:cardview:1.0.0) with AarTransform
Transforming interpolator-1.0.0.aar (androidx.interpolator:interpolator:1.0.0) with ExtractAarTransform
Transforming interpolator-1.0.0.aar (androidx.interpolator:interpolator:1.0.0) with AarTransform
Transforming interpolator-1.0.0.aar (androidx.interpolator:interpolator:1.0.0) with ExtractAarTransform
Transforming interpolator-1.0.0.aar (androidx.interpolator:interpolator:1.0.0) with AarTransform
Transforming profileinstaller-1.3.0.aar (androidx.profileinstaller:profileinstaller:1.3.0) with ExtractAarTransform
Transforming profileinstaller-1.3.0.aar (androidx.profileinstaller:profileinstaller:1.3.0) with AarTransform
Transforming startup-runtime-1.1.1.aar (androidx.startup:startup-runtime:1.1.1) with ExtractAarTransform
Transforming startup-runtime-1.1.1.aar (androidx.startup:startup-runtime:1.1.1) with AarTransform
Transforming tracing-1.2.0.aar (androidx.tracing:tracing:1.2.0) with ExtractAarTransform
Transforming tracing-1.2.0.aar (androidx.tracing:tracing:1.2.0) with AarTransform
Transforming versionedparcelable-1.1.1.aar (androidx.versionedparcelable:versionedparcelable:1.1.1) with ExtractAarTransform
Transforming versionedparcelable-1.1.1.aar (androidx.versionedparcelable:versionedparcelable:1.1.1) with AarTransform
Transforming exifinterface-1.3.6.aar (androidx.exifinterface:exifinterface:1.3.6) with ExtractAarTransform
Transforming exifinterface-1.3.6.aar (androidx.exifinterface:exifinterface:1.3.6) with AarTransform
Transforming core-runtime-2.2.0.aar (androidx.arch.core:core-runtime:2.2.0) with ExtractAarTransform
Transforming core-runtime-2.2.0.aar (androidx.arch.core:core-runtime:2.2.0) with AarTransform
Transforming documentfile-1.0.0.aar (androidx.documentfile:documentfile:1.0.0) with ExtractAarTransform
Transforming documentfile-1.0.0.aar (androidx.documentfile:documentfile:1.0.0) with AarTransform
Transforming localbroadcastmanager-1.0.0.aar (androidx.localbroadcastmanager:localbroadcastmanager:1.0.0) with ExtractAarTransform
Transforming localbroadcastmanager-1.0.0.aar (androidx.localbroadcastmanager:localbroadcastmanager:1.0.0) with AarTransform
Transforming print-1.0.0.aar (androidx.print:print:1.0.0) with ExtractAarTransform
Transforming print-1.0.0.aar (androidx.print:print:1.0.0) with AarTransform
Transforming annotation-experimental-1.4.1.aar (androidx.annotation:annotation-experimental:1.4.1) with ExtractAarTransform
Transforming annotation-experimental-1.4.1.aar (androidx.annotation:annotation-experimental:1.4.1) with AarTransform
Transforming core-viewtree-1.0.0.aar (androidx.core:core-viewtree:1.0.0) with ExtractAarTransform
Transforming core-viewtree-1.0.0.aar (androidx.core:core-viewtree:1.0.0) with AarTransform
Caching disabled for task ':app:processDebugMainManifest' because:
  Build cache is disabled
Skipping task ':app:processDebugMainManifest' as it is up-to-date.
Resolve mutations for :app:processDebugManifest (Thread[#2393,Execution worker Thread 11,5,main]) started.
:app:processDebugManifest (Thread[#2393,Execution worker Thread 11,5,main]) started.

> Task :app:processDebugManifest UP-TO-DATE
Caching disabled for task ':app:processDebugManifest' because:
  Build cache is disabled
Skipping task ':app:processDebugManifest' as it is up-to-date.
Resolve mutations for :app:processDebugManifestForPackage (Thread[#2393,Execution worker Thread 11,5,main]) started.
:app:processDebugManifestForPackage (Thread[#2393,Execution worker Thread 11,5,main]) started.

> Task :app:processDebugManifestForPackage UP-TO-DATE
Custom actions are attached to task ':app:processDebugManifestForPackage'.
Caching disabled for task ':app:processDebugManifestForPackage' because:
  Build cache is disabled
Skipping task ':app:processDebugManifestForPackage' as it is up-to-date.
Resolve mutations for :app:processDebugResources (Thread[#2393,Execution worker Thread 11,5,main]) started.
:app:processDebugResources (Thread[#2393,Execution worker Thread 11,5,main]) started.

> Task :app:processDebugResources UP-TO-DATE
Transforming aapt2-8.10.1-12782657-windows.jar (com.android.tools.build:aapt2:8.10.1-12782657) with Aapt2Extractor
Transforming material-1.9.0.aar (com.google.android.material:material:1.9.0) with ExtractAarTransform
Transforming material-1.9.0.aar (com.google.android.material:material:1.9.0) with AarResourcesCompilerTransform
Transforming coil-2.3.0.aar (io.coil-kt:coil:2.3.0) with ExtractAarTransform
Transforming coil-2.3.0.aar (io.coil-kt:coil:2.3.0) with AarResourcesCompilerTransform
Transforming coil-base-2.3.0.aar (io.coil-kt:coil-base:2.3.0) with ExtractAarTransform
Transforming coil-base-2.3.0.aar (io.coil-kt:coil-base:2.3.0) with AarResourcesCompilerTransform
Transforming appcompat-resources-1.6.1.aar (androidx.appcompat:appcompat-resources:1.6.1) with ExtractAarTransform
Transforming appcompat-resources-1.6.1.aar (androidx.appcompat:appcompat-resources:1.6.1) with AarResourcesCompilerTransform
Transforming constraintlayout-2.0.1.aar (androidx.constraintlayout:constraintlayout:2.0.1) with ExtractAarTransform
Transforming constraintlayout-2.0.1.aar (androidx.constraintlayout:constraintlayout:2.0.1) with AarResourcesCompilerTransform
Transforming appcompat-1.6.1.aar (androidx.appcompat:appcompat:1.6.1) with ExtractAarTransform
Transforming appcompat-1.6.1.aar (androidx.appcompat:appcompat:1.6.1) with AarResourcesCompilerTransform
Transforming viewpager2-1.0.0.aar (androidx.viewpager2:viewpager2:1.0.0) with ExtractAarTransform
Transforming viewpager2-1.0.0.aar (androidx.viewpager2:viewpager2:1.0.0) with AarResourcesCompilerTransform
Transforming fragment-1.6.1.aar (androidx.fragment:fragment:1.6.1) with ExtractAarTransform
Transforming fragment-1.6.1.aar (androidx.fragment:fragment:1.6.1) with AarResourcesCompilerTransform
Transforming fragment-1.6.1.aar (androidx.fragment:fragment:1.6.1) with ExtractAarTransform
Transforming fragment-1.6.1.aar (androidx.fragment:fragment:1.6.1) with AarResourcesCompilerTransform
Transforming fragment-ktx-1.6.1.aar (androidx.fragment:fragment-ktx:1.6.1) with ExtractAarTransform
Transforming fragment-ktx-1.6.1.aar (androidx.fragment:fragment-ktx:1.6.1) with AarResourcesCompilerTransform
Transforming emoji2-views-helper-1.2.0.aar (androidx.emoji2:emoji2-views-helper:1.2.0) with ExtractAarTransform
Transforming emoji2-views-helper-1.2.0.aar (androidx.emoji2:emoji2-views-helper:1.2.0) with AarResourcesCompilerTransform
Transforming emoji2-1.2.0.aar (androidx.emoji2:emoji2:1.2.0) with ExtractAarTransform
Transforming emoji2-1.2.0.aar (androidx.emoji2:emoji2:1.2.0) with AarResourcesCompilerTransform
Transforming drawerlayout-1.1.1.aar (androidx.drawerlayout:drawerlayout:1.1.1) with ExtractAarTransform
Transforming drawerlayout-1.1.1.aar (androidx.drawerlayout:drawerlayout:1.1.1) with AarResourcesCompilerTransform
Transforming coordinatorlayout-1.1.0.aar (androidx.coordinatorlayout:coordinatorlayout:1.1.0) with ExtractAarTransform
Transforming coordinatorlayout-1.1.0.aar (androidx.coordinatorlayout:coordinatorlayout:1.1.0) with AarResourcesCompilerTransform
Transforming dynamicanimation-1.0.0.aar (androidx.dynamicanimation:dynamicanimation:1.0.0) with ExtractAarTransform
Transforming dynamicanimation-1.0.0.aar (androidx.dynamicanimation:dynamicanimation:1.0.0) with AarResourcesCompilerTransform
Transforming transition-1.2.0.aar (androidx.transition:transition:1.2.0) with ExtractAarTransform
Transforming transition-1.2.0.aar (androidx.transition:transition:1.2.0) with AarResourcesCompilerTransform
Transforming vectordrawable-animated-1.1.0.aar (androidx.vectordrawable:vectordrawable-animated:1.1.0) with ExtractAarTransform
Transforming vectordrawable-animated-1.1.0.aar (androidx.vectordrawable:vectordrawable-animated:1.1.0) with AarResourcesCompilerTransform
Transforming vectordrawable-1.1.0.aar (androidx.vectordrawable:vectordrawable:1.1.0) with ExtractAarTransform
Transforming vectordrawable-1.1.0.aar (androidx.vectordrawable:vectordrawable:1.1.0) with AarResourcesCompilerTransform
Transforming vectordrawable-1.1.0.aar (androidx.vectordrawable:vectordrawable:1.1.0) with ExtractAarTransform
Transforming vectordrawable-1.1.0.aar (androidx.vectordrawable:vectordrawable:1.1.0) with AarResourcesCompilerTransform
Transforming recyclerview-1.1.0.aar (androidx.recyclerview:recyclerview:1.1.0) with ExtractAarTransform
Transforming recyclerview-1.1.0.aar (androidx.recyclerview:recyclerview:1.1.0) with AarResourcesCompilerTransform
Transforming recyclerview-1.1.0.aar (androidx.recyclerview:recyclerview:1.1.0) with ExtractAarTransform
Transforming recyclerview-1.1.0.aar (androidx.recyclerview:recyclerview:1.1.0) with AarResourcesCompilerTransform
Transforming viewpager-1.0.0.aar (androidx.viewpager:viewpager:1.0.0) with ExtractAarTransform
Transforming viewpager-1.0.0.aar (androidx.viewpager:viewpager:1.0.0) with AarResourcesCompilerTransform
Transforming customview-1.1.0.aar (androidx.customview:customview:1.1.0) with ExtractAarTransform
Transforming customview-1.1.0.aar (androidx.customview:customview:1.1.0) with AarResourcesCompilerTransform
Transforming legacy-support-core-utils-1.0.0.aar (androidx.legacy:legacy-support-core-utils:1.0.0) with ExtractAarTransform
Transforming legacy-support-core-utils-1.0.0.aar (androidx.legacy:legacy-support-core-utils:1.0.0) with AarResourcesCompilerTransform
Transforming activity-ktx-1.7.2.aar (androidx.activity:activity-ktx:1.7.2) with ExtractAarTransform
Transforming activity-ktx-1.7.2.aar (androidx.activity:activity-ktx:1.7.2) with AarResourcesCompilerTransform
Transforming activity-1.7.2.aar (androidx.activity:activity:1.7.2) with ExtractAarTransform
Transforming activity-1.7.2.aar (androidx.activity:activity:1.7.2) with AarResourcesCompilerTransform
Transforming loader-1.0.0.aar (androidx.loader:loader:1.0.0) with ExtractAarTransform
Transforming loader-1.0.0.aar (androidx.loader:loader:1.0.0) with AarResourcesCompilerTransform
Transforming loader-1.0.0.aar (androidx.loader:loader:1.0.0) with ExtractAarTransform
Transforming loader-1.0.0.aar (androidx.loader:loader:1.0.0) with AarResourcesCompilerTransform
Transforming core-1.16.0.aar (androidx.core:core:1.16.0) with ExtractAarTransform
Transforming core-1.16.0.aar (androidx.core:core:1.16.0) with AarResourcesCompilerTransform
Transforming core-1.16.0.aar (androidx.core:core:1.16.0) with ExtractAarTransform
Transforming core-1.16.0.aar (androidx.core:core:1.16.0) with AarResourcesCompilerTransform
Transforming savedstate-ktx-1.2.1.aar (androidx.savedstate:savedstate-ktx:1.2.1) with ExtractAarTransform
Transforming savedstate-ktx-1.2.1.aar (androidx.savedstate:savedstate-ktx:1.2.1) with AarResourcesCompilerTransform
Transforming savedstate-1.2.1.aar (androidx.savedstate:savedstate:1.2.1) with ExtractAarTransform
Transforming savedstate-1.2.1.aar (androidx.savedstate:savedstate:1.2.1) with AarResourcesCompilerTransform
Transforming lifecycle-runtime-ktx-2.6.2.aar (androidx.lifecycle:lifecycle-runtime-ktx:2.6.2) with ExtractAarTransform
Transforming lifecycle-runtime-ktx-2.6.2.aar (androidx.lifecycle:lifecycle-runtime-ktx:2.6.2) with AarResourcesCompilerTransform
Transforming lifecycle-livedata-2.6.2.aar (androidx.lifecycle:lifecycle-livedata:2.6.2) with ExtractAarTransform
Transforming lifecycle-livedata-2.6.2.aar (androidx.lifecycle:lifecycle-livedata:2.6.2) with AarResourcesCompilerTransform
Transforming lifecycle-viewmodel-ktx-2.6.2.aar (androidx.lifecycle:lifecycle-viewmodel-ktx:2.6.2) with ExtractAarTransform
Transforming lifecycle-viewmodel-ktx-2.6.2.aar (androidx.lifecycle:lifecycle-viewmodel-ktx:2.6.2) with AarResourcesCompilerTransform
Transforming lifecycle-viewmodel-2.6.2.aar (androidx.lifecycle:lifecycle-viewmodel:2.6.2) with ExtractAarTransform
Transforming lifecycle-viewmodel-2.6.2.aar (androidx.lifecycle:lifecycle-viewmodel:2.6.2) with AarResourcesCompilerTransform
Transforming lifecycle-viewmodel-2.6.2.aar (androidx.lifecycle:lifecycle-viewmodel:2.6.2) with ExtractAarTransform
Transforming lifecycle-viewmodel-2.6.2.aar (androidx.lifecycle:lifecycle-viewmodel:2.6.2) with AarResourcesCompilerTransform
Transforming lifecycle-process-2.6.2.aar (androidx.lifecycle:lifecycle-process:2.6.2) with ExtractAarTransform
Transforming lifecycle-process-2.6.2.aar (androidx.lifecycle:lifecycle-process:2.6.2) with AarResourcesCompilerTransform
Transforming lifecycle-livedata-core-ktx-2.6.2.aar (androidx.lifecycle:lifecycle-livedata-core-ktx:2.6.2) with ExtractAarTransform
Transforming lifecycle-livedata-core-ktx-2.6.2.aar (androidx.lifecycle:lifecycle-livedata-core-ktx:2.6.2) with AarResourcesCompilerTransform
Transforming lifecycle-livedata-core-2.6.2.aar (androidx.lifecycle:lifecycle-livedata-core:2.6.2) with ExtractAarTransform
Transforming lifecycle-livedata-core-2.6.2.aar (androidx.lifecycle:lifecycle-livedata-core:2.6.2) with AarResourcesCompilerTransform
Transforming lifecycle-runtime-2.6.2.aar (androidx.lifecycle:lifecycle-runtime:2.6.2) with ExtractAarTransform
Transforming lifecycle-runtime-2.6.2.aar (androidx.lifecycle:lifecycle-runtime:2.6.2) with AarResourcesCompilerTransform
Transforming lifecycle-viewmodel-savedstate-2.6.2.aar (androidx.lifecycle:lifecycle-viewmodel-savedstate:2.6.2) with ExtractAarTransform
Transforming lifecycle-viewmodel-savedstate-2.6.2.aar (androidx.lifecycle:lifecycle-viewmodel-savedstate:2.6.2) with AarResourcesCompilerTransform
Transforming core-ktx-1.16.0.aar (androidx.core:core-ktx:1.16.0) with ExtractAarTransform
Transforming core-ktx-1.16.0.aar (androidx.core:core-ktx:1.16.0) with AarResourcesCompilerTransform
Transforming cursoradapter-1.0.0.aar (androidx.cursoradapter:cursoradapter:1.0.0) with ExtractAarTransform
Transforming cursoradapter-1.0.0.aar (androidx.cursoradapter:cursoradapter:1.0.0) with AarResourcesCompilerTransform
Transforming cardview-1.0.0.aar (androidx.cardview:cardview:1.0.0) with ExtractAarTransform
Transforming cardview-1.0.0.aar (androidx.cardview:cardview:1.0.0) with AarResourcesCompilerTransform
Transforming interpolator-1.0.0.aar (androidx.interpolator:interpolator:1.0.0) with ExtractAarTransform
Transforming interpolator-1.0.0.aar (androidx.interpolator:interpolator:1.0.0) with AarResourcesCompilerTransform
Transforming interpolator-1.0.0.aar (androidx.interpolator:interpolator:1.0.0) with ExtractAarTransform
Transforming interpolator-1.0.0.aar (androidx.interpolator:interpolator:1.0.0) with AarResourcesCompilerTransform
Transforming profileinstaller-1.3.0.aar (androidx.profileinstaller:profileinstaller:1.3.0) with ExtractAarTransform
Transforming profileinstaller-1.3.0.aar (androidx.profileinstaller:profileinstaller:1.3.0) with AarResourcesCompilerTransform
Transforming startup-runtime-1.1.1.aar (androidx.startup:startup-runtime:1.1.1) with ExtractAarTransform
Transforming startup-runtime-1.1.1.aar (androidx.startup:startup-runtime:1.1.1) with AarResourcesCompilerTransform
Transforming tracing-1.2.0.aar (androidx.tracing:tracing:1.2.0) with ExtractAarTransform
Transforming tracing-1.2.0.aar (androidx.tracing:tracing:1.2.0) with AarResourcesCompilerTransform
Transforming versionedparcelable-1.1.1.aar (androidx.versionedparcelable:versionedparcelable:1.1.1) with ExtractAarTransform
Transforming versionedparcelable-1.1.1.aar (androidx.versionedparcelable:versionedparcelable:1.1.1) with AarResourcesCompilerTransform
Transforming exifinterface-1.3.6.aar (androidx.exifinterface:exifinterface:1.3.6) with ExtractAarTransform
Transforming exifinterface-1.3.6.aar (androidx.exifinterface:exifinterface:1.3.6) with AarResourcesCompilerTransform
Transforming core-runtime-2.2.0.aar (androidx.arch.core:core-runtime:2.2.0) with ExtractAarTransform
Transforming core-runtime-2.2.0.aar (androidx.arch.core:core-runtime:2.2.0) with AarResourcesCompilerTransform
Transforming documentfile-1.0.0.aar (androidx.documentfile:documentfile:1.0.0) with ExtractAarTransform
Transforming documentfile-1.0.0.aar (androidx.documentfile:documentfile:1.0.0) with AarResourcesCompilerTransform
Transforming localbroadcastmanager-1.0.0.aar (androidx.localbroadcastmanager:localbroadcastmanager:1.0.0) with ExtractAarTransform
Transforming localbroadcastmanager-1.0.0.aar (androidx.localbroadcastmanager:localbroadcastmanager:1.0.0) with AarResourcesCompilerTransform
Transforming print-1.0.0.aar (androidx.print:print:1.0.0) with ExtractAarTransform
Transforming print-1.0.0.aar (androidx.print:print:1.0.0) with AarResourcesCompilerTransform
Transforming annotation-experimental-1.4.1.aar (androidx.annotation:annotation-experimental:1.4.1) with ExtractAarTransform
Transforming annotation-experimental-1.4.1.aar (androidx.annotation:annotation-experimental:1.4.1) with AarResourcesCompilerTransform
Transforming core-viewtree-1.0.0.aar (androidx.core:core-viewtree:1.0.0) with ExtractAarTransform
Transforming core-viewtree-1.0.0.aar (androidx.core:core-viewtree:1.0.0) with AarResourcesCompilerTransform
Transforming material-1.9.0.aar (com.google.android.material:material:1.9.0) with ExtractAarTransform
Transforming material-1.9.0.aar (com.google.android.material:material:1.9.0) with LibrarySymbolTableTransform
Transforming coil-2.3.0.aar (io.coil-kt:coil:2.3.0) with ExtractAarTransform
Transforming coil-2.3.0.aar (io.coil-kt:coil:2.3.0) with LibrarySymbolTableTransform
Transforming coil-base-2.3.0.aar (io.coil-kt:coil-base:2.3.0) with ExtractAarTransform
Transforming coil-base-2.3.0.aar (io.coil-kt:coil-base:2.3.0) with LibrarySymbolTableTransform
Transforming appcompat-resources-1.6.1.aar (androidx.appcompat:appcompat-resources:1.6.1) with ExtractAarTransform
Transforming appcompat-resources-1.6.1.aar (androidx.appcompat:appcompat-resources:1.6.1) with LibrarySymbolTableTransform
Transforming constraintlayout-2.0.1.aar (androidx.constraintlayout:constraintlayout:2.0.1) with ExtractAarTransform
Transforming constraintlayout-2.0.1.aar (androidx.constraintlayout:constraintlayout:2.0.1) with LibrarySymbolTableTransform
Transforming appcompat-1.6.1.aar (androidx.appcompat:appcompat:1.6.1) with ExtractAarTransform
Transforming appcompat-1.6.1.aar (androidx.appcompat:appcompat:1.6.1) with LibrarySymbolTableTransform
Transforming viewpager2-1.0.0.aar (androidx.viewpager2:viewpager2:1.0.0) with ExtractAarTransform
Transforming viewpager2-1.0.0.aar (androidx.viewpager2:viewpager2:1.0.0) with LibrarySymbolTableTransform
Transforming fragment-1.6.1.aar (androidx.fragment:fragment:1.6.1) with ExtractAarTransform
Transforming fragment-1.6.1.aar (androidx.fragment:fragment:1.6.1) with LibrarySymbolTableTransform
Transforming fragment-1.6.1.aar (androidx.fragment:fragment:1.6.1) with ExtractAarTransform
Transforming fragment-1.6.1.aar (androidx.fragment:fragment:1.6.1) with LibrarySymbolTableTransform
Transforming fragment-ktx-1.6.1.aar (androidx.fragment:fragment-ktx:1.6.1) with ExtractAarTransform
Transforming fragment-ktx-1.6.1.aar (androidx.fragment:fragment-ktx:1.6.1) with LibrarySymbolTableTransform
Transforming emoji2-views-helper-1.2.0.aar (androidx.emoji2:emoji2-views-helper:1.2.0) with ExtractAarTransform
Transforming emoji2-views-helper-1.2.0.aar (androidx.emoji2:emoji2-views-helper:1.2.0) with LibrarySymbolTableTransform
Transforming emoji2-1.2.0.aar (androidx.emoji2:emoji2:1.2.0) with ExtractAarTransform
Transforming emoji2-1.2.0.aar (androidx.emoji2:emoji2:1.2.0) with LibrarySymbolTableTransform
Transforming drawerlayout-1.1.1.aar (androidx.drawerlayout:drawerlayout:1.1.1) with ExtractAarTransform
Transforming drawerlayout-1.1.1.aar (androidx.drawerlayout:drawerlayout:1.1.1) with LibrarySymbolTableTransform
Transforming coordinatorlayout-1.1.0.aar (androidx.coordinatorlayout:coordinatorlayout:1.1.0) with ExtractAarTransform
Transforming coordinatorlayout-1.1.0.aar (androidx.coordinatorlayout:coordinatorlayout:1.1.0) with LibrarySymbolTableTransform
Transforming dynamicanimation-1.0.0.aar (androidx.dynamicanimation:dynamicanimation:1.0.0) with ExtractAarTransform
Transforming dynamicanimation-1.0.0.aar (androidx.dynamicanimation:dynamicanimation:1.0.0) with LibrarySymbolTableTransform
Transforming transition-1.2.0.aar (androidx.transition:transition:1.2.0) with ExtractAarTransform
Transforming transition-1.2.0.aar (androidx.transition:transition:1.2.0) with LibrarySymbolTableTransform
Transforming vectordrawable-animated-1.1.0.aar (androidx.vectordrawable:vectordrawable-animated:1.1.0) with ExtractAarTransform
Transforming vectordrawable-animated-1.1.0.aar (androidx.vectordrawable:vectordrawable-animated:1.1.0) with LibrarySymbolTableTransform
Transforming vectordrawable-1.1.0.aar (androidx.vectordrawable:vectordrawable:1.1.0) with ExtractAarTransform
Transforming vectordrawable-1.1.0.aar (androidx.vectordrawable:vectordrawable:1.1.0) with LibrarySymbolTableTransform
Transforming vectordrawable-1.1.0.aar (androidx.vectordrawable:vectordrawable:1.1.0) with ExtractAarTransform
Transforming vectordrawable-1.1.0.aar (androidx.vectordrawable:vectordrawable:1.1.0) with LibrarySymbolTableTransform
Transforming recyclerview-1.1.0.aar (androidx.recyclerview:recyclerview:1.1.0) with ExtractAarTransform
Transforming recyclerview-1.1.0.aar (androidx.recyclerview:recyclerview:1.1.0) with LibrarySymbolTableTransform
Transforming recyclerview-1.1.0.aar (androidx.recyclerview:recyclerview:1.1.0) with ExtractAarTransform
Transforming recyclerview-1.1.0.aar (androidx.recyclerview:recyclerview:1.1.0) with LibrarySymbolTableTransform
Transforming viewpager-1.0.0.aar (androidx.viewpager:viewpager:1.0.0) with ExtractAarTransform
Transforming viewpager-1.0.0.aar (androidx.viewpager:viewpager:1.0.0) with LibrarySymbolTableTransform
Transforming customview-1.1.0.aar (androidx.customview:customview:1.1.0) with ExtractAarTransform
Transforming customview-1.1.0.aar (androidx.customview:customview:1.1.0) with LibrarySymbolTableTransform
Transforming legacy-support-core-utils-1.0.0.aar (androidx.legacy:legacy-support-core-utils:1.0.0) with ExtractAarTransform
Transforming legacy-support-core-utils-1.0.0.aar (androidx.legacy:legacy-support-core-utils:1.0.0) with LibrarySymbolTableTransform
Transforming activity-ktx-1.7.2.aar (androidx.activity:activity-ktx:1.7.2) with ExtractAarTransform
Transforming activity-ktx-1.7.2.aar (androidx.activity:activity-ktx:1.7.2) with LibrarySymbolTableTransform
Transforming activity-1.7.2.aar (androidx.activity:activity:1.7.2) with ExtractAarTransform
Transforming activity-1.7.2.aar (androidx.activity:activity:1.7.2) with LibrarySymbolTableTransform
Transforming loader-1.0.0.aar (androidx.loader:loader:1.0.0) with ExtractAarTransform
Transforming loader-1.0.0.aar (androidx.loader:loader:1.0.0) with LibrarySymbolTableTransform
Transforming loader-1.0.0.aar (androidx.loader:loader:1.0.0) with ExtractAarTransform
Transforming loader-1.0.0.aar (androidx.loader:loader:1.0.0) with LibrarySymbolTableTransform
Transforming core-1.16.0.aar (androidx.core:core:1.16.0) with ExtractAarTransform
Transforming core-1.16.0.aar (androidx.core:core:1.16.0) with LibrarySymbolTableTransform
Transforming core-1.16.0.aar (androidx.core:core:1.16.0) with ExtractAarTransform
Transforming core-1.16.0.aar (androidx.core:core:1.16.0) with LibrarySymbolTableTransform
Transforming savedstate-ktx-1.2.1.aar (androidx.savedstate:savedstate-ktx:1.2.1) with ExtractAarTransform
Transforming savedstate-ktx-1.2.1.aar (androidx.savedstate:savedstate-ktx:1.2.1) with LibrarySymbolTableTransform
Transforming savedstate-1.2.1.aar (androidx.savedstate:savedstate:1.2.1) with ExtractAarTransform
Transforming savedstate-1.2.1.aar (androidx.savedstate:savedstate:1.2.1) with LibrarySymbolTableTransform
Transforming lifecycle-runtime-ktx-2.6.2.aar (androidx.lifecycle:lifecycle-runtime-ktx:2.6.2) with ExtractAarTransform
Transforming lifecycle-runtime-ktx-2.6.2.aar (androidx.lifecycle:lifecycle-runtime-ktx:2.6.2) with LibrarySymbolTableTransform
Transforming lifecycle-livedata-2.6.2.aar (androidx.lifecycle:lifecycle-livedata:2.6.2) with ExtractAarTransform
Transforming lifecycle-livedata-2.6.2.aar (androidx.lifecycle:lifecycle-livedata:2.6.2) with LibrarySymbolTableTransform
Transforming lifecycle-viewmodel-ktx-2.6.2.aar (androidx.lifecycle:lifecycle-viewmodel-ktx:2.6.2) with ExtractAarTransform
Transforming lifecycle-viewmodel-ktx-2.6.2.aar (androidx.lifecycle:lifecycle-viewmodel-ktx:2.6.2) with LibrarySymbolTableTransform
Transforming lifecycle-viewmodel-2.6.2.aar (androidx.lifecycle:lifecycle-viewmodel:2.6.2) with ExtractAarTransform
Transforming lifecycle-viewmodel-2.6.2.aar (androidx.lifecycle:lifecycle-viewmodel:2.6.2) with LibrarySymbolTableTransform
Transforming lifecycle-viewmodel-2.6.2.aar (androidx.lifecycle:lifecycle-viewmodel:2.6.2) with ExtractAarTransform
Transforming lifecycle-viewmodel-2.6.2.aar (androidx.lifecycle:lifecycle-viewmodel:2.6.2) with LibrarySymbolTableTransform
Transforming lifecycle-process-2.6.2.aar (androidx.lifecycle:lifecycle-process:2.6.2) with ExtractAarTransform
Transforming lifecycle-process-2.6.2.aar (androidx.lifecycle:lifecycle-process:2.6.2) with LibrarySymbolTableTransform
Transforming lifecycle-livedata-core-ktx-2.6.2.aar (androidx.lifecycle:lifecycle-livedata-core-ktx:2.6.2) with ExtractAarTransform
Transforming lifecycle-livedata-core-ktx-2.6.2.aar (androidx.lifecycle:lifecycle-livedata-core-ktx:2.6.2) with LibrarySymbolTableTransform
Transforming lifecycle-livedata-core-2.6.2.aar (androidx.lifecycle:lifecycle-livedata-core:2.6.2) with ExtractAarTransform
Transforming lifecycle-livedata-core-2.6.2.aar (androidx.lifecycle:lifecycle-livedata-core:2.6.2) with LibrarySymbolTableTransform
Transforming lifecycle-runtime-2.6.2.aar (androidx.lifecycle:lifecycle-runtime:2.6.2) with ExtractAarTransform
Transforming lifecycle-runtime-2.6.2.aar (androidx.lifecycle:lifecycle-runtime:2.6.2) with LibrarySymbolTableTransform
Transforming lifecycle-viewmodel-savedstate-2.6.2.aar (androidx.lifecycle:lifecycle-viewmodel-savedstate:2.6.2) with ExtractAarTransform
Transforming lifecycle-viewmodel-savedstate-2.6.2.aar (androidx.lifecycle:lifecycle-viewmodel-savedstate:2.6.2) with LibrarySymbolTableTransform
Transforming core-ktx-1.16.0.aar (androidx.core:core-ktx:1.16.0) with ExtractAarTransform
Transforming core-ktx-1.16.0.aar (androidx.core:core-ktx:1.16.0) with LibrarySymbolTableTransform
Transforming cursoradapter-1.0.0.aar (androidx.cursoradapter:cursoradapter:1.0.0) with ExtractAarTransform
Transforming cursoradapter-1.0.0.aar (androidx.cursoradapter:cursoradapter:1.0.0) with LibrarySymbolTableTransform
Transforming cardview-1.0.0.aar (androidx.cardview:cardview:1.0.0) with ExtractAarTransform
Transforming cardview-1.0.0.aar (androidx.cardview:cardview:1.0.0) with LibrarySymbolTableTransform
Transforming interpolator-1.0.0.aar (androidx.interpolator:interpolator:1.0.0) with ExtractAarTransform
Transforming interpolator-1.0.0.aar (androidx.interpolator:interpolator:1.0.0) with LibrarySymbolTableTransform
Transforming interpolator-1.0.0.aar (androidx.interpolator:interpolator:1.0.0) with ExtractAarTransform
Transforming interpolator-1.0.0.aar (androidx.interpolator:interpolator:1.0.0) with LibrarySymbolTableTransform
Transforming profileinstaller-1.3.0.aar (androidx.profileinstaller:profileinstaller:1.3.0) with ExtractAarTransform
Transforming profileinstaller-1.3.0.aar (androidx.profileinstaller:profileinstaller:1.3.0) with LibrarySymbolTableTransform
Transforming startup-runtime-1.1.1.aar (androidx.startup:startup-runtime:1.1.1) with ExtractAarTransform
Transforming startup-runtime-1.1.1.aar (androidx.startup:startup-runtime:1.1.1) with LibrarySymbolTableTransform
Transforming tracing-1.2.0.aar (androidx.tracing:tracing:1.2.0) with ExtractAarTransform
Transforming tracing-1.2.0.aar (androidx.tracing:tracing:1.2.0) with LibrarySymbolTableTransform
Transforming versionedparcelable-1.1.1.aar (androidx.versionedparcelable:versionedparcelable:1.1.1) with ExtractAarTransform
Transforming versionedparcelable-1.1.1.aar (androidx.versionedparcelable:versionedparcelable:1.1.1) with LibrarySymbolTableTransform
Transforming exifinterface-1.3.6.aar (androidx.exifinterface:exifinterface:1.3.6) with ExtractAarTransform
Transforming exifinterface-1.3.6.aar (androidx.exifinterface:exifinterface:1.3.6) with LibrarySymbolTableTransform
Transforming core-runtime-2.2.0.aar (androidx.arch.core:core-runtime:2.2.0) with ExtractAarTransform
Transforming core-runtime-2.2.0.aar (androidx.arch.core:core-runtime:2.2.0) with LibrarySymbolTableTransform
Transforming documentfile-1.0.0.aar (androidx.documentfile:documentfile:1.0.0) with ExtractAarTransform
Transforming documentfile-1.0.0.aar (androidx.documentfile:documentfile:1.0.0) with LibrarySymbolTableTransform
Transforming localbroadcastmanager-1.0.0.aar (androidx.localbroadcastmanager:localbroadcastmanager:1.0.0) with ExtractAarTransform
Transforming localbroadcastmanager-1.0.0.aar (androidx.localbroadcastmanager:localbroadcastmanager:1.0.0) with LibrarySymbolTableTransform
Transforming print-1.0.0.aar (androidx.print:print:1.0.0) with ExtractAarTransform
Transforming print-1.0.0.aar (androidx.print:print:1.0.0) with LibrarySymbolTableTransform
Transforming annotation-experimental-1.4.1.aar (androidx.annotation:annotation-experimental:1.4.1) with ExtractAarTransform
Transforming annotation-experimental-1.4.1.aar (androidx.annotation:annotation-experimental:1.4.1) with LibrarySymbolTableTransform
Transforming core-viewtree-1.0.0.aar (androidx.core:core-viewtree:1.0.0) with ExtractAarTransform
Transforming core-viewtree-1.0.0.aar (androidx.core:core-viewtree:1.0.0) with LibrarySymbolTableTransform
Caching disabled for task ':app:processDebugResources' because:
  Build cache is disabled
Skipping task ':app:processDebugResources' as it is up-to-date.
Resolve mutations for :app:compileDebugKotlin (Thread[#2393,Execution worker Thread 11,5,main]) started.
:app:compileDebugKotlin (Thread[#2393,Execution worker Thread 11,5,main]) started.

> Task :app:compileDebugKotlin FAILED
Transforming material-1.9.0.aar (com.google.android.material:material:1.9.0) with AarToClassTransform
Transforming constraintlayout-2.0.1.aar (androidx.constraintlayout:constraintlayout:2.0.1) with AarToClassTransform
Transforming appcompat-1.6.1.aar (androidx.appcompat:appcompat:1.6.1) with AarToClassTransform
Transforming viewpager2-1.0.0.aar (androidx.viewpager2:viewpager2:1.0.0) with AarToClassTransform
Transforming fragment-1.6.1.aar (androidx.fragment:fragment:1.6.1) with AarToClassTransform
Transforming fragment-1.6.1.aar (androidx.fragment:fragment:1.6.1) with AarToClassTransform
Transforming fragment-ktx-1.6.1.aar (androidx.fragment:fragment-ktx:1.6.1) with AarToClassTransform
Transforming activity-1.7.2.aar (androidx.activity:activity:1.7.2) with AarToClassTransform
Transforming activity-ktx-1.7.2.aar (androidx.activity:activity-ktx:1.7.2) with AarToClassTransform
Transforming appcompat-resources-1.6.1.aar (androidx.appcompat:appcompat-resources:1.6.1) with AarToClassTransform
Transforming drawerlayout-1.1.1.aar (androidx.drawerlayout:drawerlayout:1.1.1) with AarToClassTransform
Transforming coordinatorlayout-1.1.0.aar (androidx.coordinatorlayout:coordinatorlayout:1.1.0) with AarToClassTransform
Transforming dynamicanimation-1.0.0.aar (androidx.dynamicanimation:dynamicanimation:1.0.0) with AarToClassTransform
Transforming recyclerview-1.1.0.aar (androidx.recyclerview:recyclerview:1.1.0) with AarToClassTransform
Transforming recyclerview-1.1.0.aar (androidx.recyclerview:recyclerview:1.1.0) with AarToClassTransform
Transforming transition-1.2.0.aar (androidx.transition:transition:1.2.0) with AarToClassTransform
Transforming vectordrawable-animated-1.1.0.aar (androidx.vectordrawable:vectordrawable-animated:1.1.0) with AarToClassTransform
Transforming vectordrawable-1.1.0.aar (androidx.vectordrawable:vectordrawable:1.1.0) with AarToClassTransform
Transforming vectordrawable-1.1.0.aar (androidx.vectordrawable:vectordrawable:1.1.0) with AarToClassTransform
Transforming viewpager-1.0.0.aar (androidx.viewpager:viewpager:1.0.0) with AarToClassTransform
Transforming customview-1.1.0.aar (androidx.customview:customview:1.1.0) with AarToClassTransform
Transforming legacy-support-core-utils-1.0.0.aar (androidx.legacy:legacy-support-core-utils:1.0.0) with AarToClassTransform
Transforming loader-1.0.0.aar (androidx.loader:loader:1.0.0) with AarToClassTransform
Transforming loader-1.0.0.aar (androidx.loader:loader:1.0.0) with AarToClassTransform
Transforming core-1.16.0.aar (androidx.core:core:1.16.0) with AarToClassTransform
Transforming core-1.16.0.aar (androidx.core:core:1.16.0) with AarToClassTransform
Transforming coil-2.3.0.aar (io.coil-kt:coil:2.3.0) with AarToClassTransform
Transforming coil-base-2.3.0.aar (io.coil-kt:coil-base:2.3.0) with AarToClassTransform
Transforming lifecycle-livedata-2.6.2.aar (androidx.lifecycle:lifecycle-livedata:2.6.2) with AarToClassTransform
Transforming lifecycle-runtime-ktx-2.6.2.aar (androidx.lifecycle:lifecycle-runtime-ktx:2.6.2) with AarToClassTransform
Transforming lifecycle-livedata-core-2.6.2.aar (androidx.lifecycle:lifecycle-livedata-core:2.6.2) with AarToClassTransform
Transforming lifecycle-viewmodel-2.6.2.aar (androidx.lifecycle:lifecycle-viewmodel:2.6.2) with AarToClassTransform
Transforming lifecycle-viewmodel-2.6.2.aar (androidx.lifecycle:lifecycle-viewmodel:2.6.2) with AarToClassTransform
Transforming lifecycle-viewmodel-ktx-2.6.2.aar (androidx.lifecycle:lifecycle-viewmodel-ktx:2.6.2) with AarToClassTransform
Transforming lifecycle-livedata-core-ktx-2.6.2.aar (androidx.lifecycle:lifecycle-livedata-core-ktx:2.6.2) with AarToClassTransform
Transforming lifecycle-runtime-2.6.2.aar (androidx.lifecycle:lifecycle-runtime:2.6.2) with AarToClassTransform
Transforming lifecycle-viewmodel-savedstate-2.6.2.aar (androidx.lifecycle:lifecycle-viewmodel-savedstate:2.6.2) with AarToClassTransform
Transforming core-ktx-1.16.0.aar (androidx.core:core-ktx:1.16.0) with AarToClassTransform
Transforming savedstate-ktx-1.2.1.aar (androidx.savedstate:savedstate-ktx:1.2.1) with AarToClassTransform
Transforming savedstate-1.2.1.aar (androidx.savedstate:savedstate:1.2.1) with AarToClassTransform
Transforming annotation-experimental-1.4.1.aar (androidx.annotation:annotation-experimental:1.4.1) with AarToClassTransform
Transforming lifecycle-common-2.6.2.jar (androidx.lifecycle:lifecycle-common:2.6.2) with IdentityTransform
Transforming kotlinx-coroutines-core-jvm-1.6.4.jar (org.jetbrains.kotlinx:kotlinx-coroutines-core-jvm:1.6.4) with IdentityTransform
Transforming converter-gson-2.9.0.jar (com.squareup.retrofit2:converter-gson:2.9.0) with IdentityTransform
Transforming cursoradapter-1.0.0.aar (androidx.cursoradapter:cursoradapter:1.0.0) with AarToClassTransform
Transforming cardview-1.0.0.aar (androidx.cardview:cardview:1.0.0) with AarToClassTransform
Transforming versionedparcelable-1.1.1.aar (androidx.versionedparcelable:versionedparcelable:1.1.1) with AarToClassTransform
Transforming retrofit-2.9.0.jar (com.squareup.retrofit2:retrofit:2.9.0) with IdentityTransform
Transforming core-runtime-2.2.0.aar (androidx.arch.core:core-runtime:2.2.0) with AarToClassTransform
Transforming kotlinx-coroutines-android-1.6.4.jar (org.jetbrains.kotlinx:kotlinx-coroutines-android:1.6.4) with IdentityTransform
Transforming interpolator-1.0.0.aar (androidx.interpolator:interpolator:1.0.0) with AarToClassTransform
Transforming okhttp-4.10.0.jar (com.squareup.okhttp3:okhttp:4.10.0) with IdentityTransform
Transforming documentfile-1.0.0.aar (androidx.documentfile:documentfile:1.0.0) with AarToClassTransform
Transforming localbroadcastmanager-1.0.0.aar (androidx.localbroadcastmanager:localbroadcastmanager:1.0.0) with AarToClassTransform
Transforming okio-jvm-3.3.0.jar (com.squareup.okio:okio-jvm:3.3.0) with IdentityTransform
Transforming print-1.0.0.aar (androidx.print:print:1.0.0) with AarToClassTransform
Transforming kotlin-stdlib-jdk8-1.8.10.jar (org.jetbrains.kotlin:kotlin-stdlib-jdk8:1.8.10) with IdentityTransform
Transforming core-viewtree-1.0.0.aar (androidx.core:core-viewtree:1.0.0) with AarToClassTransform
Transforming core-common-2.2.0.jar (androidx.arch.core:core-common:2.2.0) with IdentityTransform
Transforming annotations-13.0.jar (org.jetbrains:annotations:13.0) with IdentityTransform
Transforming collection-jvm-1.4.2.jar (androidx.collection:collection-jvm:1.4.2) with IdentityTransform
Transforming collection-ktx-1.4.2.jar (androidx.collection:collection-ktx:1.4.2) with IdentityTransform
Transforming annotation-jvm-1.8.1.jar (androidx.annotation:annotation-jvm:1.8.1) with IdentityTransform
Transforming kotlin-stdlib-jdk7-1.8.10.jar (org.jetbrains.kotlin:kotlin-stdlib-jdk7:1.8.10) with IdentityTransform
Transforming kotlin-stdlib-2.0.21.jar (org.jetbrains.kotlin:kotlin-stdlib:2.0.21) with IdentityTransform
Transforming jspecify-1.0.0.jar (org.jspecify:jspecify:1.0.0) with IdentityTransform
Transforming constraintlayout-solver-2.0.1.jar (androidx.constraintlayout:constraintlayout-solver:2.0.1) with IdentityTransform
Transforming gson-2.8.5.jar (com.google.code.gson:gson:2.8.5) with IdentityTransform
Adding -Xuse-inline-scopes-numbers Kotlin compiler flag for task :app:compileDebugAndroidTestKotlin
GradleBuildProject.Builder should not be accessed through AnalyticsConfiguratorService after AnalyticsService is created. Analytics information of this build might be incomplete.
Transforming R.jar with BuildToolsApiClasspathEntrySnapshotTransform
Transforming material-1.9.0-api.jar with BuildToolsApiClasspathEntrySnapshotTransform
Transforming constraintlayout-2.0.1-api.jar with BuildToolsApiClasspathEntrySnapshotTransform
Transforming appcompat-1.6.1-api.jar with BuildToolsApiClasspathEntrySnapshotTransform
Transforming viewpager2-1.0.0-api.jar with BuildToolsApiClasspathEntrySnapshotTransform
Transforming fragment-1.6.1-api.jar with BuildToolsApiClasspathEntrySnapshotTransform
Transforming fragment-ktx-1.6.1-api.jar with BuildToolsApiClasspathEntrySnapshotTransform
Transforming activity-1.7.2-api.jar with BuildToolsApiClasspathEntrySnapshotTransform
Transforming activity-ktx-1.7.2-api.jar with BuildToolsApiClasspathEntrySnapshotTransform
Transforming appcompat-resources-1.6.1-api.jar with BuildToolsApiClasspathEntrySnapshotTransform
Transforming drawerlayout-1.1.1-api.jar with BuildToolsApiClasspathEntrySnapshotTransform
Transforming coordinatorlayout-1.1.0-api.jar with BuildToolsApiClasspathEntrySnapshotTransform
Transforming dynamicanimation-1.0.0-api.jar with BuildToolsApiClasspathEntrySnapshotTransform
Transforming recyclerview-1.1.0-api.jar with BuildToolsApiClasspathEntrySnapshotTransform
Transforming transition-1.2.0-api.jar with BuildToolsApiClasspathEntrySnapshotTransform
Transforming vectordrawable-animated-1.1.0-api.jar with BuildToolsApiClasspathEntrySnapshotTransform
Transforming vectordrawable-1.1.0-api.jar with BuildToolsApiClasspathEntrySnapshotTransform
Transforming viewpager-1.0.0-api.jar with BuildToolsApiClasspathEntrySnapshotTransform
Transforming customview-1.1.0-api.jar with BuildToolsApiClasspathEntrySnapshotTransform
Transforming legacy-support-core-utils-1.0.0-api.jar with BuildToolsApiClasspathEntrySnapshotTransform
Transforming loader-1.0.0-api.jar with BuildToolsApiClasspathEntrySnapshotTransform
Transforming core-1.16.0-api.jar with BuildToolsApiClasspathEntrySnapshotTransform
Transforming coil-2.3.0-api.jar with BuildToolsApiClasspathEntrySnapshotTransform
Transforming coil-base-2.3.0-api.jar with BuildToolsApiClasspathEntrySnapshotTransform
Transforming lifecycle-livedata-2.6.2-api.jar with BuildToolsApiClasspathEntrySnapshotTransform
Transforming lifecycle-runtime-ktx-2.6.2-api.jar with BuildToolsApiClasspathEntrySnapshotTransform
Transforming lifecycle-common-2.6.2.jar with BuildToolsApiClasspathEntrySnapshotTransform
Transforming lifecycle-livedata-core-2.6.2-api.jar with BuildToolsApiClasspathEntrySnapshotTransform
Transforming lifecycle-viewmodel-2.6.2-api.jar with BuildToolsApiClasspathEntrySnapshotTransform
Transforming lifecycle-viewmodel-ktx-2.6.2-api.jar with BuildToolsApiClasspathEntrySnapshotTransform
Transforming lifecycle-livedata-core-ktx-2.6.2-api.jar with BuildToolsApiClasspathEntrySnapshotTransform
Transforming lifecycle-runtime-2.6.2-api.jar with BuildToolsApiClasspathEntrySnapshotTransform
Transforming lifecycle-viewmodel-savedstate-2.6.2-api.jar with BuildToolsApiClasspathEntrySnapshotTransform
Transforming core-ktx-1.16.0-api.jar with BuildToolsApiClasspathEntrySnapshotTransform
Transforming savedstate-ktx-1.2.1-api.jar with BuildToolsApiClasspathEntrySnapshotTransform
Transforming savedstate-1.2.1-api.jar with BuildToolsApiClasspathEntrySnapshotTransform
Transforming annotation-experimental-1.4.1-api.jar with BuildToolsApiClasspathEntrySnapshotTransform
Transforming converter-gson-2.9.0.jar with BuildToolsApiClasspathEntrySnapshotTransform
Transforming retrofit-2.9.0.jar with BuildToolsApiClasspathEntrySnapshotTransform
Transforming okhttp-4.10.0.jar with BuildToolsApiClasspathEntrySnapshotTransform
Transforming kotlinx-coroutines-core-jvm-1.6.4.jar with BuildToolsApiClasspathEntrySnapshotTransform
Transforming kotlinx-coroutines-android-1.6.4.jar with BuildToolsApiClasspathEntrySnapshotTransform
Transforming okio-jvm-3.3.0.jar with BuildToolsApiClasspathEntrySnapshotTransform
Transforming kotlin-stdlib-jdk8-1.8.10.jar with BuildToolsApiClasspathEntrySnapshotTransform
Transforming cursoradapter-1.0.0-api.jar with BuildToolsApiClasspathEntrySnapshotTransform
Transforming cardview-1.0.0-api.jar with BuildToolsApiClasspathEntrySnapshotTransform
Transforming versionedparcelable-1.1.1-api.jar with BuildToolsApiClasspathEntrySnapshotTransform
Transforming core-runtime-2.2.0-api.jar with BuildToolsApiClasspathEntrySnapshotTransform
Transforming core-common-2.2.0.jar with BuildToolsApiClasspathEntrySnapshotTransform
Transforming collection-ktx-1.4.2.jar with BuildToolsApiClasspathEntrySnapshotTransform
Transforming collection-jvm-1.4.2.jar with BuildToolsApiClasspathEntrySnapshotTransform
Transforming interpolator-1.0.0-api.jar with BuildToolsApiClasspathEntrySnapshotTransform
Transforming documentfile-1.0.0-api.jar with BuildToolsApiClasspathEntrySnapshotTransform
Transforming localbroadcastmanager-1.0.0-api.jar with BuildToolsApiClasspathEntrySnapshotTransform
Transforming print-1.0.0-api.jar with BuildToolsApiClasspathEntrySnapshotTransform
Transforming annotation-jvm-1.8.1.jar with BuildToolsApiClasspathEntrySnapshotTransform
Transforming core-viewtree-1.0.0-api.jar with BuildToolsApiClasspathEntrySnapshotTransform
Transforming kotlin-stdlib-jdk7-1.8.10.jar with BuildToolsApiClasspathEntrySnapshotTransform
Transforming kotlin-stdlib-2.0.21.jar with BuildToolsApiClasspathEntrySnapshotTransform
Transforming annotations-13.0.jar with BuildToolsApiClasspathEntrySnapshotTransform
Transforming jspecify-1.0.0.jar with BuildToolsApiClasspathEntrySnapshotTransform
Transforming constraintlayout-solver-2.0.1.jar with BuildToolsApiClasspathEntrySnapshotTransform
Transforming gson-2.8.5.jar with BuildToolsApiClasspathEntrySnapshotTransform
Transforming android.jar with BuildToolsApiClasspathEntrySnapshotTransform
Transforming core-lambda-stubs.jar with BuildToolsApiClasspathEntrySnapshotTransform
Caching disabled for task ':app:compileDebugKotlin' because:
  Build cache is disabled
Task ':app:compileDebugKotlin' is not up-to-date because:
  Input property 'classpathSnapshotProperties.classpathSnapshot' file C:\Users\bokou\.gradle\caches\8.11.1\transforms\fe550ff6e6bae9ce2ebf56f692b313ae\transformed\R_jar-snapshot.bin has been removed.
  Input property 'classpathSnapshotProperties.classpathSnapshot' file C:\Users\bokou\.gradle\caches\8.11.1\transforms\62dc27d9737ff5303112ec7723a9c1ff\transformed\R_jar-snapshot.bin has been added.
  Input property 'sources' file E:\Berjis\Apps\Web\gifters\GiftersClub\app\src\main\java\club\gifters\giftersclub\gifts\PostAdapter.kt has changed.
file or directory 'E:\Berjis\Apps\Web\gifters\GiftersClub\app\src\debug\kotlin', not found
file or directory 'E:\Berjis\Apps\Web\gifters\GiftersClub\app\src\debug\java', not found
file or directory 'E:\Berjis\Apps\Web\gifters\GiftersClub\app\src\debug\kotlin', not found
file or directory 'E:\Berjis\Apps\Web\gifters\GiftersClub\app\src\debug\kotlin', not found
file or directory 'E:\Berjis\Apps\Web\gifters\GiftersClub\app\src\debug\java', not found
file or directory 'E:\Berjis\Apps\Web\gifters\GiftersClub\app\src\main\kotlin', not found
file or directory 'E:\Berjis\Apps\Web\gifters\GiftersClub\app\src\main\kotlin', not found
file or directory 'E:\Berjis\Apps\Web\gifters\GiftersClub\app\src\main\kotlin', not found
file or directory 'E:\Berjis\Apps\Web\gifters\GiftersClub\app\src\debug\java', not found
file or directory 'E:\Berjis\Apps\Web\gifters\GiftersClub\app\src\debug\kotlin', not found
file or directory 'E:\Berjis\Apps\Web\gifters\GiftersClub\app\src\debug\java', not found
file or directory 'E:\Berjis\Apps\Web\gifters\GiftersClub\app\src\debug\kotlin', not found
file or directory 'E:\Berjis\Apps\Web\gifters\GiftersClub\app\src\debug\kotlin', not found
file or directory 'E:\Berjis\Apps\Web\gifters\GiftersClub\app\src\debug\java', not found
file or directory 'E:\Berjis\Apps\Web\gifters\GiftersClub\app\src\main\kotlin', not found
file or directory 'E:\Berjis\Apps\Web\gifters\GiftersClub\app\src\main\kotlin', not found
file or directory 'E:\Berjis\Apps\Web\gifters\GiftersClub\app\src\main\kotlin', not found
file or directory 'E:\Berjis\Apps\Web\gifters\GiftersClub\app\src\debug\java', not found
file or directory 'E:\Berjis\Apps\Web\gifters\GiftersClub\app\src\debug\kotlin', not found
file or directory 'E:\Berjis\Apps\Web\gifters\GiftersClub\app\src\debug\java', not found
file or directory 'E:\Berjis\Apps\Web\gifters\GiftersClub\app\src\debug\kotlin', not found
file or directory 'E:\Berjis\Apps\Web\gifters\GiftersClub\app\src\debug\kotlin', not found
file or directory 'E:\Berjis\Apps\Web\gifters\GiftersClub\app\src\debug\java', not found
file or directory 'E:\Berjis\Apps\Web\gifters\GiftersClub\app\src\main\kotlin', not found
file or directory 'E:\Berjis\Apps\Web\gifters\GiftersClub\app\src\main\kotlin', not found
file or directory 'E:\Berjis\Apps\Web\gifters\GiftersClub\app\src\main\kotlin', not found
file or directory 'E:\Berjis\Apps\Web\gifters\GiftersClub\app\src\debug\java', not found
file or directory 'E:\Berjis\Apps\Web\gifters\GiftersClub\app\src\debug\kotlin', not found
file or directory 'E:\Berjis\Apps\Web\gifters\GiftersClub\app\src\debug\java', not found
file or directory 'E:\Berjis\Apps\Web\gifters\GiftersClub\app\src\debug\kotlin', not found
file or directory 'E:\Berjis\Apps\Web\gifters\GiftersClub\app\src\debug\kotlin', not found
file or directory 'E:\Berjis\Apps\Web\gifters\GiftersClub\app\src\debug\java', not found
file or directory 'E:\Berjis\Apps\Web\gifters\GiftersClub\app\src\main\kotlin', not found
file or directory 'E:\Berjis\Apps\Web\gifters\GiftersClub\app\src\main\kotlin', not found
file or directory 'E:\Berjis\Apps\Web\gifters\GiftersClub\app\src\main\kotlin', not found
file or directory 'E:\Berjis\Apps\Web\gifters\GiftersClub\app\src\debug\java', not found
Kotlin source files: E:\Berjis\Apps\Web\gifters\GiftersClub\app\src\main\java\club\gifters\giftersclub\AuthActivity.kt, E:\Berjis\Apps\Web\gifters\GiftersClub\app\src\main\java\club\gifters\giftersclub\chat\ChatFragment.kt, E:\Berjis\Apps\Web\gifters\GiftersClub\app\src\main\java\club\gifters\giftersclub\chat\ChatUiModels.kt, E:\Berjis\Apps\Web\gifters\GiftersClub\app\src\main\java\club\gifters\giftersclub\chat\ConversationAdapter.kt, E:\Berjis\Apps\Web\gifters\GiftersClub\app\src\main\java\club\gifters\giftersclub\chat\MessageAdapter.kt, E:\Berjis\Apps\Web\gifters\GiftersClub\app\src\main\java\club\gifters\giftersclub\chat\NotificationAdapter.kt, E:\Berjis\Apps\Web\gifters\GiftersClub\app\src\main\java\club\gifters\giftersclub\chat\NotificationListFragment.kt, E:\Berjis\Apps\Web\gifters\GiftersClub\app\src\main\java\club\gifters\giftersclub\gifts\AccountFragment.kt, E:\Berjis\Apps\Web\gifters\GiftersClub\app\src\main\java\club\gifters\giftersclub\gifts\Comment.kt, E:\Berjis\Apps\Web\gifters\GiftersClub\app\src\main\java\club\gifters\giftersclub\gifts\CommentApi.kt, E:\Berjis\Apps\Web\gifters\GiftersClub\app\src\main\java\club\gifters\giftersclub\gifts\CommentReaction.kt, E:\Berjis\Apps\Web\gifters\GiftersClub\app\src\main\java\club\gifters\giftersclub\gifts\CommentReactionCounts.kt, E:\Berjis\Apps\Web\gifters\GiftersClub\app\src\main\java\club\gifters\giftersclub\gifts\ContributorAdapter.kt, E:\Berjis\Apps\Web\gifters\GiftersClub\app\src\main\java\club\gifters\giftersclub\gifts\CreatePostFragment.kt, E:\Berjis\Apps\Web\gifters\GiftersClub\app\src\main\java\club\gifters\giftersclub\gifts\CreateWishlistFragment.kt, E:\Berjis\Apps\Web\gifters\GiftersClub\app\src\main\java\club\gifters\giftersclub\gifts\GiftAdapter.kt, E:\Berjis\Apps\Web\gifters\GiftersClub\app\src\main\java\club\gifters\giftersclub\gifts\GifterFragment.kt, E:\Berjis\Apps\Web\gifters\GiftersClub\app\src\main\java\club\gifters\giftersclub\gifts\GiftFragment.kt, E:\Berjis\Apps\Web\gifters\GiftersClub\app\src\main\java\club\gifters\giftersclub\gifts\LeaderboardFragment.kt, E:\Berjis\Apps\Web\gifters\GiftersClub\app\src\main\java\club\gifters\giftersclub\gifts\PostAdapter.kt, E:\Berjis\Apps\Web\gifters\GiftersClub\app\src\main\java\club\gifters\giftersclub\gifts\PostMediaAdapter.kt, E:\Berjis\Apps\Web\gifters\GiftersClub\app\src\main\java\club\gifters\giftersclub\gifts\PostsFragment.kt, E:\Berjis\Apps\Web\gifters\GiftersClub\app\src\main\java\club\gifters\giftersclub\gifts\TopGifterAdapter.kt, E:\Berjis\Apps\Web\gifters\GiftersClub\app\src\main\java\club\gifters\giftersclub\gifts\UserPostsFragment.kt, E:\Berjis\Apps\Web\gifters\GiftersClub\app\src\main\java\club\gifters\giftersclub\gifts\UserWishlistsFragment.kt, E:\Berjis\Apps\Web\gifters\GiftersClub\app\src\main\java\club\gifters\giftersclub\gifts\WishlistAdapter.kt, E:\Berjis\Apps\Web\gifters\GiftersClub\app\src\main\java\club\gifters\giftersclub\gifts\WishlistDetailFragment.kt, E:\Berjis\Apps\Web\gifters\GiftersClub\app\src\main\java\club\gifters\giftersclub\gifts\WishlistsFragment.kt, E:\Berjis\Apps\Web\gifters\GiftersClub\app\src\main\java\club\gifters\giftersclub\gifts\WishlistUiModels.kt, E:\Berjis\Apps\Web\gifters\GiftersClub\app\src\main\java\club\gifters\giftersclub\gifts\WithdrawalAdapter.kt, E:\Berjis\Apps\Web\gifters\GiftersClub\app\src\main\java\club\gifters\giftersclub\gifts\WithdrawalsFragment.kt, E:\Berjis\Apps\Web\gifters\GiftersClub\app\src\main\java\club\gifters\giftersclub\MainActivity.kt, E:\Berjis\Apps\Web\gifters\GiftersClub\app\src\main\java\club\gifters\giftersclub\model\ChatModels.kt, E:\Berjis\Apps\Web\gifters\GiftersClub\app\src\main\java\club\gifters\giftersclub\model\ContributorSummary.kt, E:\Berjis\Apps\Web\gifters\GiftersClub\app\src\main\java\club\gifters\giftersclub\model\Gift.kt, E:\Berjis\Apps\Web\gifters\GiftersClub\app\src\main\java\club\gifters\giftersclub\model\Notification.kt, E:\Berjis\Apps\Web\gifters\GiftersClub\app\src\main\java\club\gifters\giftersclub\model\Post.kt, E:\Berjis\Apps\Web\gifters\GiftersClub\app\src\main\java\club\gifters\giftersclub\model\PostRequests.kt, E:\Berjis\Apps\Web\gifters\GiftersClub\app\src\main\java\club\gifters\giftersclub\model\Profile.kt, E:\Berjis\Apps\Web\gifters\GiftersClub\app\src\main\java\club\gifters\giftersclub\model\TokenTransaction.kt, E:\Berjis\Apps\Web\gifters\GiftersClub\app\src\main\java\club\gifters\giftersclub\model\TopGifter.kt, E:\Berjis\Apps\Web\gifters\GiftersClub\app\src\main\java\club\gifters\giftersclub\model\Wishlist.kt, E:\Berjis\Apps\Web\gifters\GiftersClub\app\src\main\java\club\gifters\giftersclub\model\WishlistContribution.kt, E:\Berjis\Apps\Web\gifters\GiftersClub\app\src\main\java\club\gifters\giftersclub\model\WishlistItem.kt, E:\Berjis\Apps\Web\gifters\GiftersClub\app\src\main\java\club\gifters\giftersclub\model\WishlistRequests.kt, E:\Berjis\Apps\Web\gifters\GiftersClub\app\src\main\java\club\gifters\giftersclub\model\WithdrawalRequest.kt, E:\Berjis\Apps\Web\gifters\GiftersClub\app\src\main\java\club\gifters\giftersclub\network\ChatApi.kt, E:\Berjis\Apps\Web\gifters\GiftersClub\app\src\main\java\club\gifters\giftersclub\network\FunctionsApi.kt, E:\Berjis\Apps\Web\gifters\GiftersClub\app\src\main\java\club\gifters\giftersclub\network\GiftApi.kt, E:\Berjis\Apps\Web\gifters\GiftersClub\app\src\main\java\club\gifters\giftersclub\network\LeaderboardApi.kt, E:\Berjis\Apps\Web\gifters\GiftersClub\app\src\main\java\club\gifters\giftersclub\network\NotificationApi.kt, E:\Berjis\Apps\Web\gifters\GiftersClub\app\src\main\java\club\gifters\giftersclub\network\PostApi.kt, E:\Berjis\Apps\Web\gifters\GiftersClub\app\src\main\java\club\gifters\giftersclub\network\ProfileApi.kt, E:\Berjis\Apps\Web\gifters\GiftersClub\app\src\main\java\club\gifters\giftersclub\network\RetrofitClient.kt, E:\Berjis\Apps\Web\gifters\GiftersClub\app\src\main\java\club\gifters\giftersclub\network\StorageApi.kt, E:\Berjis\Apps\Web\gifters\GiftersClub\app\src\main\java\club\gifters\giftersclub\network\TokenApi.kt, E:\Berjis\Apps\Web\gifters\GiftersClub\app\src\main\java\club\gifters\giftersclub\network\WishlistApi.kt, E:\Berjis\Apps\Web\gifters\GiftersClub\app\src\main\java\club\gifters\giftersclub\network\WithdrawalApi.kt, E:\Berjis\Apps\Web\gifters\GiftersClub\app\src\main\java\club\gifters\giftersclub\payments\PaymentWebViewActivity.kt, E:\Berjis\Apps\Web\gifters\GiftersClub\app\src\main\java\club\gifters\giftersclub\PostsActivity.kt, E:\Berjis\Apps\Web\gifters\GiftersClub\app\src\main\java\club\gifters\giftersclub\SupabaseConfig.kt, E:\Berjis\Apps\Web\gifters\GiftersClub\app\src\main\java\club\gifters\giftersclub\WithdrawalsConstants.kt
Java source files: 
Script source files: 
Script file extensions: 
Using Kotlin/JVM incremental compilation
[KOTLIN] Kotlin compilation 'jdkHome' argument: null
Options for KOTLIN DAEMON: IncrementalCompilationOptions(super=CompilationOptions(compilerMode=INCREMENTAL_COMPILER, targetPlatform=JVM, reportCategories=[0, 3], reportSeverity=2, requestedCompilationResults=[0], kotlinScriptExtensions=[]), areFileChangesKnown=true, modifiedFiles=[E:\Berjis\Apps\Web\gifters\GiftersClub\app\src\main\java\club\gifters\giftersclub\gifts\PostAdapter.kt, C:\Users\bokou\.gradle\caches\8.11.1\transforms\62dc27d9737ff5303112ec7723a9c1ff\transformed\R_jar-snapshot.bin], deletedFiles=[C:\Users\bokou\.gradle\caches\8.11.1\transforms\fe550ff6e6bae9ce2ebf56f692b313ae\transformed\R_jar-snapshot.bin], classpathChanges=ToBeComputedByIncrementalCompiler, workingDir=E:\Berjis\Apps\Web\gifters\GiftersClub\app\build\kotlin\compileDebugKotlin\cacheable, multiModuleICSettings=MultiModuleICSettings(buildHistoryFile=E:\Berjis\Apps\Web\gifters\GiftersClub\app\build\kotlin\compileDebugKotlin\local-state\build-history.bin, useModuleDetection=true), usePreciseJavaTracking=true, icFeatures=IncrementalCompilationFeatures(withAbiSnapshot=false, preciseCompilationResultsBackup=true, keepIncrementalCompilationCachesInMemory=true, enableUnsafeIncrementalCompilationForMultiplatform=false), outputFiles=[E:\Berjis\Apps\Web\gifters\GiftersClub\app\build\tmp\kotlin-classes\debug, E:\Berjis\Apps\Web\gifters\GiftersClub\app\build\kotlin\compileDebugKotlin\cacheable, E:\Berjis\Apps\Web\gifters\GiftersClub\app\build\kotlin\compileDebugKotlin\local-state])
e: file:///E:/Berjis/Apps/Web/gifters/GiftersClub/app/src/main/java/club/gifters/giftersclub/gifts/PostAdapter.kt:5:21 Conflicting import: imported name 'ViewGroup' is ambiguous.
e: file:///E:/Berjis/Apps/Web/gifters/GiftersClub/app/src/main/java/club/gifters/giftersclub/gifts/PostAdapter.kt:21:21 Conflicting import: imported name 'ViewGroup' is ambiguous.
Finished executing kotlin compiler using DAEMON strategy
Restoring task outputs to pre-compilation state

FAILURE: Build failed with an exception.

* What went wrong:
Execution failed for task ':app:compileDebugKotlin'.
> A failure occurred while executing org.jetbrains.kotlin.compilerRunner.GradleCompilerRunnerWithWorkers$GradleKotlinCompilerWorkAction
   > Compilation error. See log for more details

* Try:
> Run with --stacktrace option to get the stack trace.
> Run with --debug option to get more log output.
> Run with --scan to get full insights.
> Get more help at https://help.gradle.org.

BUILD FAILED in 1s
14 actionable tasks: 1 executed, 13 up-to-date
Watched directory hierarchies: [E:\Berjis\Apps\Web\gifters\GiftersClub]
